# water_k, water_j,reference_k
282,586891685.4,281.377547
281.946356,588769276.8,280.908971
281.904241,576277988.5,280.529081
281.869902,568482720.3,280.206749
281.840323,562840311.4,279.925637
281.814015,522220611.7,279.687162
281.793435,482380388.8,279.483169
281.777323,438305824.2,279.309319
281.765342,392471886.1,279.162307
281.757069,335677772.5,279.036113
281.753055,277130150.7,278.929109
281.752907,217051735.2,278.83994
281.756349,155399712.2,278.767511
281.763184,145761056.2,278.691504
281.768366,137405818.1,278.614969
281.772591,132873426.4,278.538837
281.775933,124304249.5,278.464328
281.779076,98798169.29,278.394873
281.783679,69947023.11,278.330279
281.789784,44958308.62,278.269586
281.796838,20510806.12,278.212548
281.804744,32586745.37,278.154946
281.810135,44032480.29,278.097575
281.813766,52453197.1,278.041272
281.816284,63612732.41,277.98568
281.817612,70793336.31,277.930468
281.818296,77639580.29,277.875832
281.818414,84313446.97,277.82188
281.818026,90838256.39,277.768668
281.817182,136908857.7,277.701722
281.812299,181342114.4,277.625617
281.804345,222355132.9,277.543137
281.794069,262071176.5,277.4562
281.782546,224291982.1,277.444723
281.778699,183441953.8,277.505609
281.782429,144318240.9,277.625451
281.793218,109532523.3,277.792672
281.810265,87974996.91,277.994902
281.831937,69096322.88,278.224993
281.857718,53049911.83,278.475991
281.88696,35397916.27,278.742532
281.919375,26634046.53,279.020065
281.955169,18795876.01,279.303358
281.994737,11941850.14,279.587645
282.037425,6183032.318,279.868539
282.082544,-19323780.12,280.139816
282.131291,-40422247.89,280.397785
282.182643,-58346069.57,280.639346
282.235684,-79012814.66,280.861944
282.29004,-64023794.17,281.062546
282.34183,-51901389.13,281.238893
282.390716,-37176823.13,281.387936
282.435874,-23327878.07,281.50745
282.476822,-7449006.596,281.593167
282.512845,5677803.52,281.644267
282.543714,20586191.04,281.658907
282.568846,34715727.51,281.635962
282.587986,64659284.46,281.574972
282.59949,91907986.67,281.47505
282.603588,115185149.5,281.335624
282.600876,136406197.4,281.1565
282.592125,131510229.1,280.938121
282.580772,129009207.1,280.681499
282.56819,125042639.5,280.390721
282.555935,117319490.6,280.122593
282.544425,100476634,279.900597
282.534492,78803726.35,279.71466
282.526571,56134754.36,279.558214
282.520748,36181154.6,279.426434
282.516766,94295054.22,279.298313
282.507486,153471185.5,279.174698
282.492827,208750174.3,279.055852
282.47316,256487993.9,278.942059
282.449192,286832792.6,278.818273
282.422524,314517124,278.6887
282.393409,339949776.9,278.555776
282.36206,363199449.4,278.421097
282.328683,327333147.6,278.31131
282.298686,292377812.4,278.22051
282.273036,255835609.7,278.145882
282.255971,215885801.6,278.086175
282.244787,230661061.1,278.023713
282.232718,249884467.9,277.960304
282.219455,265729299.3,277.897506
282.205451,282284646.6,277.835741
282.190656,300224692.7,277.771551
282.174965,315611875.4,277.70639
282.158653,330768755.9,277.640698
282.141713,348087704.5,277.574296
282.123927,345323342.1,277.511111
282.107166,340046241.4,277.450861
282.091275,337340647.8,277.392584
282.075756,334840653.5,277.336072
282.045228,600432511.1,277.138124
282.005638,599453390.1,276.976323
281.972334,590976367.4,276.836614
281.943601,586196833.3,276.711816
281.917754,582913574.3,276.598475
281.893944,543298656.7,276.50573
281.875039,504127189.8,276.430442
281.859944,460499643.7,276.371725
281.848413,414935272,276.328759
281.84008,358771451.2,276.29738
281.835488,300716054.8,276.277378
281.83429,240980724.5,276.268513
281.836317,179525894.1,276.270586
281.841542,169963280.4,276.264004
281.845032,161607903.9,276.252402
281.847536,156991865,276.237205
281.84916,148346478.3,276.220051
281.850587,122290220.3,276.204729
281.853512,92889323.6,276.191359
281.857965,67364427.6,276.17925
281.863376,42388988.11,276.168388
281.869642,53532004.45,276.154761
281.873435,64096402.97,276.139339
281.87551,71635659.41,276.123118
281.876525,81945047.94,276.105882
281.87641,88680151.84,276.087425
281.87568,95098094.94,276.068057
281.874422,101352008.9,276.047988
281.872702,107468154.5,276.027364
281.870571,152468165.8,275.991797
281.864509,195875776.1,275.945926
281.855464,235946324.2,275.892602
281.844172,274745037.9,275.833803
281.831702,236711286.7,275.849557
281.826915,195623574.2,275.936864
281.829723,156265850.6,276.082387
281.839616,121252483.4,276.274602
281.855798,99762406.18,276.501179
281.876612,80927868.09,276.755001
281.901551,64939975.58,277.029144
281.929972,47341584.71,277.318266
281.961588,38360646.38,277.617837
281.996314,30312132.26,277.922642
282.034837,23174936.84,278.227933
282.076508,17139274.31,278.529336
282.120638,-8148522.302,278.820638
282.168381,-29043686.91,279.098159
282.218712,-46810538.68,279.358809
282.270721,-67331048.75,279.60004
282.324034,-52665304.34,279.818828
282.374815,-40869811.85,280.012921
282.422725,-26462744.52,280.179279
282.466938,-12921810.41,280.315683
282.506973,2855678.173,280.41787
282.542095,15864067.25,280.485028
282.572075,30660465.83,280.515318
282.596331,44670154.29,280.507622
282.61461,74138334.55,280.461487
282.625298,100925633.9,280.376031
282.628625,123778321.8,280.25069
282.625183,144585354.9,280.085278
282.615741,139603581.3,279.880243
282.603708,137008639.5,279.636608
282.590456,132954215.7,279.358469
282.577541,125138161.6,279.102671
282.565382,108062472.7,278.892733
282.554822,86160545.62,278.718608
282.546297,63270956.57,278.573747
282.539891,43105031.58,278.45334
282.535349,100541615,278.33639
282.525571,159075734,278.223748
282.510474,213748642.7,278.115682
282.490426,260928679.8,278.012481
282.466128,291175821.7,277.899105
282.439142,318775264.7,277.779761
282.409716,344125325.2,277.656888
282.378063,367294430.6,277.532086
282.344391,331450012.8,277.432006
282.314343,296507092.1,277.350759
282.293873,260046860.9,277.285537
282.279639,221618371.6,277.235097
282.269831,236874644.3,277.181769
282.258387,256145178,277.127361
282.245355,271836108.3,277.073432
282.231379,288121154.4,277.020407
282.21651,306065794.3,276.964831
282.20067,321434841.8,276.908159
282.184168,336556370,276.850835
282.167018,353830770.2,276.792682
282.149012,351017143,276.737628
282.132026,345688467.9,276.685397
282.11591,342930512.6,276.63503
282.100166,340378058.9,276.58632
282.069191,605851119.8,276.396069
282.029723,605118149.9,276.241823
281.996941,596952888,276.109549
281.968721,592604405.4,275.992078
281.943257,589762322.3,275.885963
281.919687,550248130.2,275.800348
281.900929,511138933.2,275.7321
281.885901,467548397.6,275.68034
281.874377,422000334.9,275.644252
281.866002,365997222.9,275.619674
281.861319,308089556.7,275.606398
281.859991,248487240.5,275.604188
281.861942,187153387.6,275.612845
281.86713,177727086,275.612781
281.870593,169519414.9,275.607626
281.873064,165041650.5,275.598803
281.874638,156543960.9,275.587952
281.875996,130472268.5,275.578862
281.878846,101049440.4,275.571655
281.883215,75500878.25,275.56564
281.888534,50499348.16,275.560806
281.894701,61458866.74,275.553141
281.89841,71850805,275.543616
281.900416,79211084.91,275.533226
281.901375,89346422.76,275.521757
281.901214,96064926.67,275.509003
281.900431,102469088.6,275.495277
281.899115,108707209.9,275.480787
281.897332,114805918.8,275.465682
281.895135,159482854.2,275.435573
281.88903,202567693.3,275.395098
281.87996,242334485.3,275.347106
281.868657,280822914.7,275.293578
281.856189,242785006.7,275.314559
281.851389,201696302.5,275.407064
281.854175,162334794.4,275.557765
281.864039,127316174.6,275.75514
281.880187,105971340.2,275.986862
281.900949,87269695.72,276.245814
281.925825,71421934.01,276.525068
281.954169,53960200.66,276.81928
281.985699,44962325.69,277.123918
282.019829,36894533.43,277.433765
282.057761,29599111.27,277.744069
282.098858,23406847.39,278.050452
282.14243,-1753879.03,278.346699
282.189604,-22530849.27,278.629126
282.239357,-40205923.09,278.894639
282.290782,-60640699.82,279.140686
282.343505,-46158109.54,279.364241
282.393714,-34547910.5,279.563048
282.441071,-20320793.83,279.734065
282.484749,-6954424.358,279.875068
282.524266,8766981.362,279.981793
282.558877,21709533.1,280.053425
282.588354,36443801.43,280.088123
282.612115,50386863.8,280.084766
282.629905,79584168.16,280.042898
282.640131,106108474,279.961638
282.643021,128719252.3,279.840419
282.639165,149290250.1,279.679054
282.629333,144261180.7,279.477992
282.616914,141614284.1,279.238254
282.603282,137511405.5,278.963937
282.589994,129643997.2,278.711898
282.577466,112436280.5,278.505668
282.566551,90404451.62,278.335206
282.557684,67389735,278.193969
282.550949,47103395.44,278.077148
282.546088,104150813.2,277.963752
282.536029,162315795.2,277.854627
282.520685,216639973.5,277.750045
282.500422,263498861.6,277.650292
282.47594,293690979.1,277.54033
282.448774,321242749.3,277.424364
282.419174,346546428.1,277.304833
282.387352,369670287,277.183336
282.353514,333840063.1,277.086527
282.326909,298905869.2,277.008517
282.308332,263427661.9,276.946504
282.295033,225597841.4,276.899244
282.285636,240917658.6,276.849069
282.274343,260097570.9,276.797785
282.261332,275633957.5,276.746952
282.24731,291723186.4,276.696995
282.232366,309656513.2,276.644457
282.21642,325007345.7,276.590795
282.199796,340103860.3,276.536452
282.182516,357349639.6,276.48125
282.164377,354505595.2,276.42912
282.147256,349145675.4,276.379784
282.131006,346356306,276.332284
282.115128,343772542.6,276.286415
282.083928,609179131.1,276.098978
282.045469,608603133.1,275.947503
282.013269,600861767,275.817965
281.985384,596857634.5,275.7032
281.960109,594307209.9,275.599764
281.93663,554842246.7,275.5168
281.917911,515755671.3,275.45118
281.902884,472174025.5,275.402024
281.891331,426624699.5,275.368518
281.882906,370717646.6,275.346502
281.878146,312899674.3,275.335767
281.876825,253379148.1,275.336079
281.878843,192151588.1,275.347238
281.884119,182849866.1,275.349657
281.887665,174774418.9,275.346964
281.890202,170420366.1,275.340582
281.891821,162049885.7,275.33215
281.893199,135992605.3,275.325458
281.896056,106576426.3,275.320627
281.900418,81030364.71,275.316967
281.90572,56027123.04,275.314467
281.911878,66876182,275.309116
281.915598,77168220.06,275.301882
281.917632,84426750.25,275.293763
281.918631,94464844.15,275.284545
281.918516,101195277.5,275.27402
281.917772,107613174.2,275.262502
281.916488,113862880.5,275.2502
281.914729,119970890.8,275.237262
281.912548,164439795,275.2093
281.906472,207313812.1,275.170951
281.897441,246880471.4,275.125063
281.886186,285161981.5,275.073617
281.873778,247135051.8,275.096665
281.869027,206059944,275.191229
281.871857,166710405.2,275.343983
281.881761,131702926.6,275.543408
281.897944,110478527.9,275.777177
281.918727,91888922.56,276.038171
281.943613,76158869.75,276.319463
281.971957,58812565.27,276.615706
282.003476,49817283.71,276.922369
282.037169,41749708.83,277.234232
282.074666,34338031.99,277.546543
282.11534,28030432.21,277.854922
282.1585,2963645.16,278.153153
282.205256,-17725917.14,278.437549
282.254584,-35333060.22,278.705015
282.305579,-55704353.56,278.953
282.357868,-41356676.02,279.178472
282.407656,-29882972.58,279.379178
282.454605,-15788409.83,279.552071
282.49789,-2550620.828,279.694928
282.537026,13129646.96,279.803485
282.571261,26023868.4,279.876922
282.600368,40712547.66,279.9134
282.623763,54606707.61,279.911796
282.641194,83604331.39,279.871654
282.65108,109934760.2,279.79209
282.653648,132367214,279.672539
282.649488,152764210.5,279.512812
282.639368,147700498.8,279.313359
282.626666,145015524.9,279.075199
282.612755,140877157.2,278.802431
282.599191,132972121.8,278.551917
282.586392,115667186.8,278.34719
282.575216,93539702.14,278.178214
282.566097,70432849.31,278.038448
282.559118,50057848.03,277.923084
282.554024,106817986.3,277.811131
282.543758,164710439.1,277.703436
282.528231,218777120.2,277.60027
282.507812,265398848.8,277.50192
282.483194,295550515.2,277.393346
282.455896,323067265.2,277.278755
282.426168,348336873.4,277.160583
282.394221,371427496.1,277.040432
282.360263,335608000.1,276.944955
282.336267,300680495.6,276.868264
282.319128,265946036.3,276.807558
282.306538,228569594.9,276.761594
282.297455,243940276.9,276.712705
282.286281,263054166.3,276.662695
282.273287,278475892.1,276.613125
282.259233,294419153.9,276.564418
282.244233,312344411,276.51312
282.228209,327681915.8,276.460687
282.211495,342759962.6,276.40756
282.194118,359984544.5,276.353564
282.175881,357117941.1,276.302627
282.15866,351734832.4,276.254474
282.14231,348922140.4,276.208146
282.126333,346315127.8,276.163437
282.095849,611771288.7,275.97715
282.057865,611422989.7,275.826807
282.025951,603939872.2,275.698388
281.998235,600162400.9,275.584729
281.973048,597813385.3,275.482388
281.9496,558370695.8,275.400508
281.930882,519290744.5,275.335962
281.915834,475708170.6,275.287872
281.904243,430152166,275.255423
281.895768,374314020.3,275.234454
281.890972,316561028.3,275.22476
281.889677,257109293,275.226103
281.891756,195968403.1,275.238286
281.897102,186764944.8,275.241721
281.900713,178791829.5,275.240036
281.903299,174532549.1,275.234653
281.90495,166258963.6,275.227212
281.906341,140212103.6,275.221502
281.909202,110800348.6,275.217643
281.913557,85255565.75,275.214948
281.918858,60250589.06,275.213404
281.925025,71018822.72,275.209
281.92877,81239497.3,275.202705
281.930839,88424873.92,275.195517
281.931878,98392303.88,275.18722
281.931806,105134929.1,275.177609
281.931099,111565689.1,275.166996
281.929844,117826051.7,275.155589
281.928107,123942548.1,275.14354
281.925942,168252466.2,275.116458
281.919894,210965336.4,275.07898
281.910903,250379718.8,275.033954
281.899696,288504403.1,274.983362
281.887345,250488835.2,275.007257
281.882645,209427163.3,275.102665
281.885518,170089607.6,275.256261
281.89546,135093154.2,275.456526
281.911678,113963951.7,275.691134
281.932484,95462797.38,275.952965
281.957382,79825346.54,276.235092
281.985729,62569671.47,276.532168
282.017243,53577446.22,276.839662
282.050637,45510897.03,277.152351
282.087797,38020037.28,277.465485
282.128142,31622986.59,277.774682
282.170983,6629081.327,278.073727
282.217413,-13992685.94,278.35893
282.266411,-31547174.34,278.627198
282.317071,-51869274.71,278.875977
282.369022,-37626544.19,279.102236
282.418483,-26259012.37,279.30372
282.465116,-12267551.32,279.477383
282.508095,870230.3046,279.621001
282.546935,16518422.09,279.730308
282.580878,29374983.21,279.804486
282.609696,44028132.99,279.841694
282.632808,57884191.56,279.84081
282.649959,86726610.66,279.801375
282.65958,112906352.7,279.722507
282.661898,135200209.9,279.60364
282.657502,155461978.3,279.444586
282.647159,150371269.2,279.245792
282.634236,147656633.1,279.00828
282.620108,143490614.4,278.736148
282.60633,135556269,278.486259
282.593321,118175756.2,278.282149
282.581941,95973911.94,278.113783
282.572627,72795437.37,277.97462
282.56546,52351517.02,277.859854
282.560184,108888549.2,277.748493
282.549756,166569362.8,277.641385
282.534089,220436090.8,277.538799
282.513547,266873668.9,277.441024
282.488823,296993886.8,277.33302
282.461423,324483406.9,277.218993
282.431596,349726524.3,277.10138
282.399552,372791305.6,276.981781
282.366987,336980091,276.88685
282.344357,302449074.9,276.8107
282.327928,268123729.4,276.750531
282.315668,230992510.5,276.705099
282.30671,246339348.7,276.656737
282.295564,265369721.7,276.60725
282.282551,280686360,276.558198
282.268453,296508471.5,276.510005
282.2534,314423432.1,276.459216
282.237311,329748472,276.407286
282.220524,344811095.3,276.354659
282.203072,362018693.6,276.301157
282.184757,359134352.1,276.25071
282.167459,353733179.7,276.203042
282.151032,350902408,276.157195
282.135079,348277419.3,276.112962
282.105181,613798020.8,275.927147
282.067528,613630893.7,275.777269
282.035815,606339956.5,275.649309
282.008214,602733078.4,275.536105
281.983085,600536688.7,275.434212
281.959653,561108518.9,275.352778
281.940931,522031699.4,275.288673
281.925864,478446923.7,275.24102
281.914241,432884636.7,275.209004
281.905724,377099020.5,275.188466
281.900939,319395697.5,275.179198
281.899691,260008522.8,275.180965
281.901831,198943333,275.193568
281.907234,189820280.1,275.19742
281.910892,181927731.7,275.196148
281.913512,177741413,275.191176
281.915181,169541605.9,275.184141
281.916576,143500783,275.178834
281.919433,114090405.1,275.175375
281.923789,88544696.54,275.173076
281.929098,63540135.8,275.171924
281.935278,74248253.06,275.167908
281.939047,84415565.08,275.161999
281.941144,91545124.77,275.155192
281.942214,101457737.2,275.147274
281.942173,108209531.5,275.138037
281.94149,114649526.4,275.127796
281.940254,120917121,275.116757
281.93853,127039007,275.105072
281.936377,171224047.5,275.078351
281.930352,213811007.2,275.041231
281.921392,253106794.7,274.996559
281.910224,291109437.2,274.946317
281.897918,253102838,274.97056
281.893255,212051601.8,275.066314
281.896161,172723178.5,275.220255
281.906131,137734952.8,275.420866
281.922373,116679427.1,275.655818
281.943194,98246566.83,275.917992
281.968099,82680539.34,276.200462
281.996445,65494669.6,276.497881
282.027953,56504026.46,276.805715
282.06134,48437471.47,277.118744
282.098236,40946760.89,277.432215
282.138318,34479719.4,277.741748
282.180903,9543312.372,278.041126
282.227073,-11025068.76,278.326662
282.275807,-28538235.05,278.595258
282.3262,-48821790.53,278.844363
282.377881,-34663006.13,279.070945
282.42708,-23380374.11,279.272748
282.47346,-9471352.285,279.446727
282.516194,3586469.526,279.590657
282.554798,19208652.87,279.700273
282.588507,32034773.92,279.774755
282.617096,46659176.1,279.812262
282.639981,60484447.35,279.811673
282.656909,89203193.24,279.772529
282.666319,115262887.7,279.693947
282.668437,137446327.9,279.575361
282.663852,157600391.2,279.416582
282.65333,152487790.6,279.21806
282.640232,149749154.4,278.980813
282.62593,145560731.2,278.708942
282.611982,137602669.3,278.459309
282.598804,120161811.2,278.255453
282.587263,97900606.66,278.087337
282.577792,74664960.34,277.948422
282.570474,54166027.92,277.833901
282.565053,110526123.7,277.722783
282.554497,168039155.7,277.615916
282.538717,221747427.1,277.513569
282.518077,268039121.2,277.41603
282.493269,298134172.9,277.30826
282.465787,325601872.2,277.194464
282.43588,350823762.7,277.07708
282.403759,373867839.9,276.957708
282.372694,338062859.2,276.863001
282.350889,303950228.7,276.787073
282.334867,269882113.1,276.727124
282.322787,232903500,276.681911
282.313883,248210129.6,276.633765
282.302737,267164909,276.584493
282.289697,282394868.3,276.535653
282.275561,298120732.9,276.487671
282.260464,316026364.3,276.437091
282.244322,331341059.6,276.385368
282.227479,346391408.5,276.332946
282.209968,363585719.9,276.279647
282.191594,360687612.8,276.229401
282.174236,355272479.5,276.181932
282.15775,352427764.6,276.136282
282.142013,349788928.9,276.092245
282.112623,615409995.3,275.906624
282.07515,615391962.1,275.756936
282.043544,608233239.8,275.629165
282.016002,604747845.3,275.516146
281.990897,602662353.6,275.414439
281.967461,563239476.3,275.333187
281.948724,524160709.3,275.269263
281.933632,480570969.9,275.221789
281.921977,435001367.8,275.189951
281.913424,379254558.2,275.16959
281.908644,321588218.3,275.160497
281.907431,262250105.6,275.162438
281.909617,201243003.2,275.175213
281.915065,192181925.6,275.179236
281.918759,184351615.8,275.178135
281.921404,180221728.4,275.17333
281.923087,172079016.6,275.166463
281.924486,146042935.6,275.161321
281.927342,116633695.3,275.158025
281.9317,91087801.73,275.155889
281.937017,66084166.82,275.154898
281.943209,76746231,275.151042
281.946996,86872497.2,275.145291
281.949114,93958932.47,275.138641
281.950208,103829068,275.130878
281.95019,110587804.4,275.121795
281.949525,117034743,275.111706
281.948303,123307705.7,275.100819
281.946591,129433691,275.089283
281.944448,173522398.1,275.062711
281.938442,216012395.2,275.025736
281.929508,255216880.6,274.98121
281.918371,293125456.5,274.931111
281.9061,255126064,274.955497
281.901466,214083060.9,275.051394
281.904397,174761760.3,275.205477
281.914389,139779871.4,275.406229
281.930649,118781274.8,275.641322
281.95148,100401118.6,275.903638
281.97639,84890169.72,276.186248
282.004735,67758089.12,276.483807
282.036237,58768418.87,276.791781
282.069617,50701599.18,277.104949
282.106309,43210741.85,277.41856
282.146188,36689527.67,277.728231
282.188575,11797574.51,278.027746
282.234544,-8729534.132,278.313417
282.283073,-26210761.44,278.582149
282.33326,-46464527.58,278.831387
282.384732,-32370703.7,279.058102
282.433729,-21153768.81,279.260036
282.479913,-7308538.793,279.434145
282.522458,5687411.001,279.578203
282.560879,21289454.33,279.687945
282.594408,34092008.52,279.762552
282.622818,48694153.44,279.800182
282.645528,62495590.34,279.799714
282.662283,91118660.63,279.760689
282.67153,117085485.9,279.682225
282.673494,139183508.1,279.563754
282.668763,159254253.4,279.405088
282.658103,154124705.9,279.206677
282.644868,151367493.1,278.969539
282.630433,147161727.4,278.697775
282.616352,139185308.9,278.448248
282.603045,121697766.5,278.244495
282.591378,99390640.52,278.076482
282.581786,76110766.33,277.937669
282.574352,55569277.31,277.823249
282.568819,111792527.5,277.712231
282.558163,169175796.3,277.605462
282.542296,222761518.8,277.503213
282.52158,268940389.2,277.405771
282.496707,299015973.3,277.298097
282.469161,326466792.9,277.184396
282.439192,351672263.1,277.067106
282.407011,374700324.5,276.947827
282.377106,338900159.6,276.853212
282.355939,305110933.1,276.777376
282.340232,271241658,276.717517
282.32829,234381009.4,276.672393
282.319429,249656532.6,276.624336
282.308283,268552852.4,276.575152
282.295222,283715785.2,276.5264
282.281055,299367228.2,276.478504
282.265925,317265639.9,276.42801
282.249742,332572330.9,276.376372
282.232855,347613183.8,276.324034
282.215299,364797216.4,276.270818
282.196879,361888460.6,276.220655
282.179475,356462527.7,276.173268
282.162943,353607027.1,276.127699
282.147372,350957480,276.083742
282.118374,616655997.2,275.8982
282.081039,616753096.5,275.74859
282.049516,609696478.4,275.620897
282.022019,606304908.7,275.507955
281.996932,604305070.3,275.406323
281.973494,564886241.5,275.325146
281.954745,525805935.8,275.261296
281.939634,482212333.4,275.213896
281.927954,436637056.3,275.182131
281.919404,380920215.7,275.161842
281.91465,323291442.5,275.152821
281.913473,263997740.6,275.154833
281.915694,203038452.2,275.16768
281.921173,194025746.6,275.171773
281.924889,186242641.3,275.170741
281.927547,182154778,275.166006
281.929235,174054375,275.159207
281.930631,148019873.9,275.154132
281.933486,118609584.6,275.150904
281.937848,93063542.21,275.148834
281.943172,68061289.4,275.14791
281.949373,78688056.31,275.144119
281.953173,88782499.44,275.138433
281.955307,95835115.95,275.131847
281.956416,105671672.8,275.124148
281.956414,112435066.7,275.115129
281.95576,118886567.8,275.105102
281.954546,125162830.8,275.094277
281.952841,131291333.9,275.082803
281.950706,175304864.2,275.056291
281.944713,217719335.5,275.019377
281.935798,256852744.6,274.97491
281.924684,294688120.7,274.92487
281.912439,256694021.8,274.949315
281.907827,215657084.3,275.04527
281.910775,176340968.8,275.199411
281.920782,141363642.5,275.400221
281.937055,120408776.8,275.635372
281.957893,102069061.9,275.897746
281.982805,86600379.27,276.180414
282.011148,69509557.82,276.478031
282.042643,60520278.98,276.786062
282.076018,52452907.12,277.099287
282.112552,44961604.8,277.412955
282.152273,38398470.72,277.722682
282.194508,13540879.15,278.022253
282.240321,-6954328.53,278.307981
282.288692,-24410873.89,278.576768
282.338718,-44641621.44,278.826061
282.390029,-30598051.49,279.05283
282.438869,-19431939.42,279.254818
282.484903,-5636057.544,279.42898
282.527301,7312029.957,279.573091
282.56558,22898482.8,279.682885
282.598969,35682797.1,279.757543
282.627243,50267715.11,279.795224
282.649817,64050705.91,279.794805
282.666439,92599779.24,279.75583
282.675559,118494779.2,279.677413
282.677404,140526739.3,279.55899
282.672559,160533047.9,279.400371
282.661793,155390384.6,279.202004
282.648453,152618796.3,278.964912
282.633914,148399609.7,278.693191
282.619731,140408986.3,278.443708
282.606323,122885336.7,278.239998
282.594559,100542693.9,278.072027
282.584874,77228613.14,277.933255
282.57735,56654210.44,277.818876
282.57173,112771647.5,277.707899
282.560997,170054581.1,277.601171
282.545063,223545548.2,277.498962
282.524288,269637184.2,277.40156
282.499364,299697711.9,277.293926
282.47177,327135476.1,277.180264
282.441753,352328246.4,277.063012
282.409525,375343921,276.943772
282.380516,339547474.2,276.849194
282.359841,306008055,276.773395
282.344377,272292375.7,276.713573
282.332542,235522849.6,276.668486
282.323714,250774307.1,276.620466
282.312568,269625432.6,276.571318
282.299491,284736556.6,276.522602
282.2853,300330479.5,276.474742
282.270144,318223305.2,276.424282
282.25393,333523804.6,276.372679
282.23701,348557313.4,276.320375
282.219418,365733397.3,276.267194
282.200962,362816407,276.217065
282.183523,357382123.2,276.169711
282.166981,354518282.5,276.124175
282.151542,351866315.7,276.080251
282.122838,617624298.3,275.894742
282.085603,617809623.9,275.745165
282.054139,610830496.1,275.617503
282.026674,607510416.6,275.504592
282.001599,605575996.6,275.402991
281.978157,566159644.9,275.321845
281.959397,527077659.7,275.258026
281.94427,483480701.7,275.210656
281.932571,437900758.2,275.178921
281.924027,382206852,275.158662
281.919297,324608431.7,275.14967
281.918148,265349954.6,275.151712
281.920397,204427922.9,275.164588
281.925898,195452501.4,275.16871
281.929629,187705558.4,275.167706
281.932296,183649753.3,275.162999
281.933987,175581600.8,275.156228
281.935378,149547877.7,275.151182
281.938231,120136375.8,275.147982
281.942595,94589859.3,275.145939
281.947924,69588354.68,275.145041
281.954132,80187580.29,275.141278
281.957942,90257205.47,275.135618
281.960086,97283498.57,275.129059
281.961206,107093948.2,275.121386
281.961216,113860772.4,275.112392
281.96057,120315647.5,275.102391
281.959363,126594449.3,275.091591
281.957665,132725001,275.080143
281.955535,176680656.5,275.053656
281.949554,219036964.4,275.016766
281.940654,258115602.5,274.972324
281.929557,295894522,274.922309
281.917332,257904526.3,274.946777
281.912736,216872256.4,275.042756
281.915699,177560102.8,275.196921
281.925717,142586238,275.397755
281.941999,121665054.2,275.63293
281.962842,103356468.1,275.895327
281.987755,87920312.33,276.17802
282.016096,70861232.25,276.47566
282.047586,61872151.7,276.783715
282.080956,53804250.75,277.096964
282.117368,46312504.42,277.410654
282.156968,39717015.24,277.720405
282.199084,14885927.07,278.019999
282.244777,-5584675.895,278.305749
282.293026,-23022186.92,278.574559
282.342929,-43235184,278.823875
282.394115,-29230396.56,279.050666
282.442835,-18103505.54,279.252677
282.488752,-4345706.208,279.42686
282.531037,8565445.83,279.570993
282.569207,24139862.06,279.680808
282.602489,36910096.03,279.755487
282.630656,51481715.41,279.793189
282.653125,65250467.18,279.792791
282.669644,93742444.52,279.753835
282.678667,119582024.6,279.675438
282.68042,141563012.2,279.557034
282.675488,161519603.1,279.398434
282.664639,156366815.6,279.200087
282.651218,153584131.6,278.963013
282.636599,149354585.9,278.69131
282.622337,141352998.6,278.441844
282.608852,123801488.6,278.238152
282.597013,101431441.3,278.070198
282.587256,78090967.2,277.931444
282.579662,57491168.9,277.817082
282.573975,113526973.3,277.706122
282.563184,170732501.1,277.59941
282.547197,224150368,277.497218
282.526377,270174706.4,277.399832
282.501414,300223617.1,277.292213
282.473782,327651308.1,277.178568
282.443728,352834279.7,277.061332
282.411465,375840396.9,276.942107
282.383146,340046816.5,276.847545
282.362851,306700049.8,276.771762
282.347574,273102826.7,276.711955
282.335822,236403575.8,276.666883
282.327019,251636463.9,276.618877
282.315873,270452725.4,276.569745
282.302784,285523884.7,276.521043
282.288575,301073438.5,276.473197
282.273398,318961953.2,276.422752
282.25716,334257674.7,276.371164
282.240213,349285516.8,276.318874
282.222595,366455467.6,276.265707
282.204112,363532123.8,276.215591
282.186645,358091396.9,276.168251
282.1702,355221121.3,276.122729
282.154876,352590853.7,276.078819
282.126367,618394103.1,275.893323
282.089185,618645073.5,275.743759
282.05775,611720531.4,275.61611
282.030297,608451931.4,275.503212
282.005222,606565228.2,275.401624
281.98177,567148346.7,275.32049
281.962997,528063226.4,275.256684
281.947854,484462290.6,275.209326
281.936137,438877693.4,275.177604
281.927596,383200707.6,275.157357
281.922882,325625120.9,275.148377
281.921754,266393371.9,275.150431
281.924023,205499729,275.163318
281.92954,196552782.1,275.167452
281.933283,188833494.8,275.166461
281.935956,184802215.2,275.161765
281.937648,176758763,275.155006
281.939036,150725504.8,275.149971
281.941888,121312955.3,275.146782
281.946253,95765979.15,275.144751
281.951585,70764973.01,275.143864
281.957798,81342913.97,275.140112
281.961615,91393365.29,275.134463
281.963767,98399334.63,275.127914
281.964896,108189635,275.120252
281.964914,114959070.8,275.111269
281.964276,121416518.2,275.101279
281.963075,127697342.6,275.090489
281.961382,133829616.1,275.079051
281.959257,177740844.5,275.052574
281.953285,220052480.5,275.015695
281.944396,259089022.6,274.971263
281.933313,296824506.2,274.921257
281.921103,258837726.2,274.945736
281.916521,217809081.9,275.041724
281.919494,178499988.9,275.195899
281.929521,143528782.6,275.396743
281.94581,122633542.6,275.631928
281.966656,104348921.8,275.894335
281.99157,88937800.53,276.177037
282.019909,71903143.18,276.474686
282.051396,62914167.08,276.782751
282.084761,54845808.72,277.09601
282.12108,47353670.6,277.40971
282.160586,40733238.35,277.71947
282.202611,15922571.87,278.019074
282.248211,-4529072.848,278.304833
282.296367,-21951919.12,278.573653
282.346175,-42151241.21,278.822977
282.397264,-28176349.16,279.049778
282.445891,-17079691.29,279.251798
282.491718,-3351247.23,279.42599
282.533916,9531434,279.570131
282.572002,25096569,279.679956
282.605201,37855946.87,279.754643
282.633286,52417312.72,279.792353
282.655675,66175086.31,279.791964
282.672114,94623057.04,279.753016
282.681062,120419922.7,279.674627
282.682744,142361623.8,279.556231
282.677745,162279895.8,279.397639
282.666832,157119302.8,279.1993
282.653349,154328064.8,278.962233
282.638668,150090532.9,278.690538
282.624346,142080493.4,278.441079
282.610801,124507510.1,278.237394
282.598904,102116341,278.069448
282.589091,78755524.45,277.9307
282.581444,58136152.93,277.816345
282.575705,114109046.5,277.705392
282.564868,171254921.2,277.598687
282.548841,224616453.5,277.496501
282.527986,270588929.6,277.399122
282.502994,300628886.8,277.291511
282.475333,328048814.4,277.177871
282.44525,353224233.8,277.060642
282.412959,376222985,276.941424
282.385173,340431612.6,276.846868
282.36517,307233282.7,276.771091
282.350038,273727330.4,276.711291
282.338349,237082226.5,276.666225
282.329565,252300802.6,276.618225
282.318419,271090196.7,276.569099
282.305321,286130559.1,276.520403
282.291097,301645922.7,276.472563
282.275905,319531114.1,276.422124
282.259649,334823152.8,276.370542
282.242682,349846627.2,276.318258
282.225043,367011850.9,276.265096
282.206538,364083610.4,276.214986
282.18905,358637917.4,276.167652
282.172681,355762682.4,276.122136
282.157445,353149115.6,276.078231
282.129086,618987204.9,275.892741
282.091944,619288734.5,275.743182
282.060531,612406236,275.615538
282.033088,609177288.1,275.502646
282.008012,607327339.1,275.401063
281.984553,567910043.2,275.319934
281.96577,528822502.5,275.256133
281.950615,485218497.9,275.20878
281.938884,439630311.9,275.177063
281.930346,383966358.3,275.156821
281.925644,326408352.4,275.147847
281.924532,267197179.1,275.149905
281.926816,206325388.7,275.162797
281.932346,197400359.6,275.166936
281.936098,189702359.7,275.165949
281.938776,185689957.2,275.161259
281.940468,177665517.8,275.154504
281.941854,151632605.4,275.149474
281.944704,122219242.3,275.146289
281.94907,96671906.26,275.144263
281.954405,71671276.1,275.143381
281.960622,82232811.98,275.139633
281.964444,92268482.68,275.133989
281.966603,99258785.21,275.127445
281.967738,109033553.4,275.119786
281.967763,115804988.4,275.110808
281.96713,122264405,275.100822
281.965933,128546775.6,275.090037
281.964245,134680363.7,275.078603
281.962124,178557364.1,275.05213
281.956158,220834584.6,275.015255
281.947278,259838696.1,274.970827
281.936206,297540718.5,274.920826
281.924008,259556406.3,274.945308
281.919435,218530545.7,275.041301
281.922416,179223801.6,275.19548
281.93245,144254634.8,275.396328
281.948745,123379366.8,275.631516
281.969594,105113194.1,275.893927
281.994508,89721344.53,276.176633
282.022846,72705487.69,276.474287
282.054329,63716585.35,276.782356
282.087692,55647868.43,277.095618
282.123937,48155422.68,277.409322
282.163372,41515780.12,277.719086
282.205327,16720836.81,278.018694
282.250856,-3716211.719,278.304457
282.298939,-21127768.16,278.573281
282.348673,-41316562.73,278.822609
282.399689,-27364694.28,279.049414
282.448245,-16291319.96,279.251437
282.494002,-2585483.216,279.425633
282.536133,10275272.01,279.569778
282.574154,25833257.76,279.679606
282.607289,38584273.81,279.754297
282.635311,53137741.9,279.79201
282.657638,66887059.82,279.791624
282.674016,95301142.41,279.75268
282.682906,121065115.2,279.674295
282.684533,142976563.3,279.555902
282.679483,162865327.6,279.397313
282.668521,157698722.8,279.198977
282.654989,154900896.8,278.961913
282.640261,150657214,278.690221
282.625892,142640664.9,278.440766
282.612301,125051145.9,278.237083
282.60036,102643711.7,278.06914
282.590504,79267230.42,277.930395
282.582816,58632786.5,277.816043
282.577038,114557238,277.705092
282.566165,171657179.4,277.598391
282.550107,224975334,277.496208
282.529226,270907876.1,277.398831
282.50421,300940938.9,277.291222
282.476526,328354888.2,277.177586
282.446422,353524492.3,277.060359
282.414208,376517571.6,276.941143
282.386788,340752987,276.84659
282.366985,307658324.8,276.770816
282.351949,274215940.8,276.711018
282.340301,237608782.6,276.665954
282.331529,252814134.5,276.617958
282.32038,271581719.5,276.568833
282.307273,286597810.6,276.52014
282.293039,302086577.1,276.472303
282.277834,319969069.5,276.421867
282.261563,335258198.9,276.370286
282.244581,350278272.4,276.318005
282.226925,367439838.2,276.264846
282.208405,364507819.5,276.214738
282.1909,359058300.8,276.167406
282.174588,356179248.1,276.121892
282.15942,353578558.1,276.07799
282.131178,619443512,275.892502
282.094067,619783969.6,275.742945
282.062671,612933838.3,275.615303
282.035236,609735414.3,275.502413
282.01016,607913757.1,275.400833
281.986695,568496150.6,275.319706
281.967904,529406753.7,275.255907
281.952739,485800392.5,275.208556
281.940998,440209448.5,275.176841
281.932461,384555526.2,275.156601
281.927769,327011057.3,275.147629
281.92667,267815729.7,275.149689
281.928966,206960769.4,275.162584
281.934505,198052621.2,275.166724
281.938263,190371016.4,275.165739
281.940945,186373153.2,275.161051
281.942639,178363356.4,275.154298
281.944024,152330719.3,275.14927
281.946876,122917437.6,275.146087
281.951245,97370710.34,275.144063
281.956584,72371103.16,275.143182
281.962804,82920448.59,275.139436
281.966631,92944947.57,275.133794
281.968795,99923219.09,275.127252
281.969935,109685944.9,275.119595
281.969964,116458818.6,275.110619
281.969334,122919607.6,275.100635
281.968141,129203003.2,275.089851
281.966455,135337432.2,275.078419
281.964336,179187833.2,275.051948
281.958375,221438331.7,275.015075
281.949502,260417276.1,274.970648
281.938437,298093357.5,274.920649
281.926248,260110842.4,274.945133
281.921682,219087030.9,275.041127
281.924669,179782007.7,275.195308
281.934708,144814330.1,275.396157
281.951007,123954383.1,275.631348
281.971857,105702358.8,275.89376
281.996772,90325294.59,276.176468
282.025109,73323861.84,276.474123
282.056589,64334953.93,276.782193
282.089949,56265902.76,277.095457
282.126139,48773166.25,277.409163
282.165518,42118718.7,277.718929
282.207419,17335901.84,278.018538
282.252893,-3089887.531,278.304303
282.30092,-20492731.86,278.573128
282.350599,-40673401.18,278.822458
282.401558,-26739260.42,279.049264
282.450058,-15683814.63,279.251289
282.495762,-1995385.798,279.425487
282.537842,10848486.04,279.569633
282.575813,26400975.42,279.679462
282.608898,39145560.63,279.754155
282.636872,53692955.44,279.79187
282.659151,67435770.05,279.791485
282.675482,95823748.21,279.752542
282.684328,121562382.6,279.674158
282.685913,143450526,279.555767
282.680822,163316559,279.397179
282.669823,158145332.4,279.198844
282.656254,155342440.2,278.961782
282.641489,151094028.3,278.690091
282.627084,143072473.4,278.440637
282.613458,125470219.5,278.236955
282.601483,103050258.6,278.069013
282.591594,79661712.89,277.93027
282.583874,59015660.66,277.815919
282.578065,114902776.6,277.704969
282.567166,171967314.4,277.598269
282.551084,225252033.8,277.496087
282.530181,271153794,277.398712
282.505148,301181548.3,277.291104
282.477447,328590895.5,277.177468
282.447326,353756022.6,277.060243
282.415426,376744735.2,276.941028
282.38818,341066702.8,276.846476
282.368462,308024554.9,276.770703
282.353464,274613853.1,276.710906
282.341828,238026273.8,276.665844
282.333053,253215659.6,276.617848
282.321898,271963459.5,276.568725
282.308781,286959328.6,276.520032
282.294536,302426822.2,276.472196
282.279321,320306856.4,276.421761
282.263038,335593538.3,276.370182
282.246043,350610878,276.317901
282.228375,367769561.7,276.264743
282.209842,364834595.6,276.214636
282.192325,359382107.7,276.167305
282.176057,356500100,276.121792
282.160941,353909171.5,276.07789
282.132787,619794498.4,275.892403
282.095699,620164757,275.742848
282.064316,613339425.4,275.615207
282.036886,610164399.5,275.502318
282.01181,608364435.8,275.400738
281.98834,568946551.4,275.319612
281.969543,529855698.3,275.255814
281.954371,486247503.9,275.208464
281.942621,440654424,275.17675
281.934087,385008196.1,275.156511
281.929402,327474125.8,275.147539
281.928312,268290978.8,275.149601
281.930617,207448959.6,275.162496
281.936164,198553793.5,275.166637
281.939928,190884797.9,275.165653
281.942612,186898117.6,275.160966
281.944306,178899582.5,275.154214
281.945692,152867165.9,275.149186
281.948545,123453956,275.146004
281.952917,97907707.04,275.14398
281.958258,72908897.18,275.143101
281.964481,83448885.92,275.139356
281.968312,93464810.61,275.133714
281.970479,100433846.7,275.127173
281.971623,110187327.5,275.119517
281.971656,116961316,275.110541
281.971029,123423168.3,275.100558
281.969837,129707359.6,275.089775
281.968153,135842442.5,275.078343
281.966037,179672406.7,275.051873
281.960079,221902373.1,275.015001
281.951211,260861979.9,274.970575
281.940152,298518128,274.920576
281.92797,260536999.4,274.945061
281.92341,219514767.8,275.041056
281.926401,180211072.2,275.195237
281.936444,145244543.6,275.396087
281.952746,124396377.4,275.631278
281.973598,106155232.7,275.893692
281.998512,90789537.48,276.1764
282.026848,73799195.97,276.474056
282.058326,64810287.23,276.782127
282.091684,56740982.34,277.095391
282.127832,49248025.31,277.409098
282.167168,42582196.38,277.718864
282.209028,17808723.3,278.018474
282.25446,-2608387.255,278.30424
282.302444,-20004509.76,278.573065
282.352079,-40178907.44,278.822396
282.402994,-26258372.05,279.049203
282.451452,-15216687.03,279.251228
282.497115,-1541619.644,279.425426
282.539155,11289293.11,279.569573
282.577088,26837579.66,279.679403
282.610136,39577243.26,279.754097
282.638072,54119991.35,279.791812
282.660315,67857828.35,279.791428
282.67661,96225750.98,279.752486
282.685421,121944917.2,279.674102
282.686974,143815154.9,279.555711
282.681853,163663721.8,279.397124
282.670825,158488960.8,279.19879
282.657227,155682192.3,278.961728
282.642434,151430163,278.690038
282.628002,143404777.8,278.440584
282.614348,125792744.9,278.236903
282.602346,103363164.3,278.068961
282.592433,79965353.69,277.930218
282.584688,59310386.64,277.815868
282.578856,115168781.2,277.704919
282.567936,172206081.3,277.598219
282.551835,225465074.7,277.496037
282.530917,271343148.3,277.398663
282.50587,301366828.5,277.291055
282.478156,328772644.8,277.17742
282.448022,353934337.1,277.060195
282.416368,376919699.2,276.940981
282.389257,341309200.5,276.846429
282.369606,308308013.5,276.770656
282.354638,274922003.6,276.71086
282.343012,238349667.2,276.665798
282.334235,253526718.7,276.617803
282.323073,272259201.7,276.56868
282.309949,287239403.8,276.519988
282.295695,302690410.9,276.472153
282.280472,320568532,276.421717
282.264181,335853307.8,276.370138
282.247177,350868518.8,276.317858
282.229499,368024958.9,276.264701
282.210955,365087698.4,276.214595
282.193429,359632899.2,276.167264
282.177193,356748591.3,276.121751
282.162115,354164868.1,276.07785
282.134026,620065236.7,275.892363
282.096956,620458154,275.742808
282.065582,613651725.6,275.615168
282.038156,610494559.8,275.502279
282.013079,608711169.7,275.400699
281.989606,569292979.2,275.319574
281.970804,530200936.1,275.255776
281.955626,486591278.7,275.208427
281.94387,440996515.9,275.176713
281.935336,385356171.8,275.156474
281.930657,327830068.2,275.147503
281.929574,268656260.3,275.149564
281.931886,207824167.7,275.16246
281.937439,198938961.7,275.166602
281.941207,191279641.9,275.165618
281.943893,187301542.9,275.160931
281.945588,179311651.2,275.154179
281.946974,153279394.8,275.149152
281.949828,123866235.7,275.14597
281.954201,98320354.67,275.143947
281.959545,73322162.16,275.143068
281.96577,83854968.16,275.139323
281.969603,93864312.75,275.133681
281.971773,100826261.1,275.12714
281.97292,110572646.6,275.119485
281.972956,117347501.1,275.110509
281.972331,123810242.7,275.100526
281.971142,130095168.3,275.089744
281.96946,136230893.3,275.078312
281.967345,180045262.1,275.051843
281.961391,222259528.1,275.01497
281.952527,261204320.9,274.970545
281.941473,298845168,274.920546
281.929296,260865131.7,274.945031
281.92474,219844125.7,275.041026
281.927735,180541449.1,275.195208
281.93778,145575792.9,275.396058
281.954084,124736677.9,275.63125
281.974937,106503884.6,275.893663
281.999852,91146912.92,276.176372
282.028187,74165077.76,276.474028
282.059663,65176135.58,276.782099
282.09302,57106602.36,277.095364
282.129134,49613442.92,277.409071
282.168438,42938853.88,277.718838
282.210265,18172569.85,278.018448
282.255665,-2237863.364,278.304214
282.303616,-19628814.57,278.573039
282.353218,-39798387.43,278.82237
282.4041,-25888322.93,279.049177
282.452525,-14857228.33,279.251203
282.498156,-1192444.005,279.425402
282.540166,11628495.39,279.569549
282.57807,27173546.59,279.679379
282.611088,39909421.76,279.754073
282.638996,54448592.96,279.791788
282.66121,68182598.47,279.791404
282.677478,96535087.31,279.752462
282.686263,122239271.8,279.674079
282.68779,144095730.3,279.555688
282.682646,163930856.2,279.397102
282.671595,158753374.5,279.198767
282.657976,155943622.2,278.961706
282.643162,151688808.5,278.690016
282.628708,143660474.9,278.440562
282.615033,126040916.4,278.236882
282.603011,103603932.8,278.06894
282.593078,80198992.21,277.930197
282.585315,59537164.64,277.815847
282.579464,115373458.5,277.704898
282.568528,172389799.7,277.598198
282.552414,225628997.6,277.496017
282.531483,271488845.2,277.398643
282.506426,301509390,277.291035
282.478701,328912488.9,277.177401
282.448558,354071537.7,277.060176
282.417092,377054321.3,276.940961
282.390086,341495752.4,276.84641
282.370486,308526062.2,276.770637
282.355541,275159039.5,276.710841
282.343922,238598424.6,276.665779
282.335143,253765986.4,276.617784
282.323977,272486686.1,276.568662
282.310847,287454836.2,276.51997
282.296587,302893161.4,276.472135
282.281358,320769810.5,276.4217
282.26506,336053119.6,276.370121
282.248048,351066692.8,276.317841
282.230363,368221406.7,276.264683
282.211812,365282380.9,276.214577
282.194277,359825803.5,276.167247
282.178067,356939726,276.121734
282.163018,354361534.6,276.077833
282.134979,620273451.9,275.892347
282.097922,620683785.6,275.742792
282.066556,613891888.1,275.615151
282.039132,610748452.2,275.502263
282.014055,608977803.4,275.400683
281.990579,569559374.4,275.319558
281.971773,530466413.8,275.25576
281.956591,486855629.5,275.208411
281.944829,441259571.1,275.176697
281.936297,385623750.1,275.156458
281.931622,328103768.1,275.147487
281.930545,268937134.9,275.149549
281.932862,208112667.5,275.162445
281.938419,199235112.2,275.166587
281.94219,191583224.7,275.165603
281.944878,187611717.1,275.160916
281.946573,179628465.1,275.154165
281.947959,153596326.8,275.149138
281.950814,124183202.9,275.145956
281.955189,98637602.38,275.143933
281.960534,73639883.24,275.143054
281.966761,84167166.63,275.139309
281.970596,94171452.42,275.133668
281.972769,101127952,275.127127
281.973918,110868883,275.119472
281.973956,117644403.9,275.110496
281.973333,124107828.6,275.100513
281.972145,130393316.6,275.089731
281.970465,136529531.1,275.0783
281.968351,180331904.4,275.05183
281.962399,222534093.1,275.014958
281.953539,261467489.8,274.970532
281.942488,299096566.3,274.920534
281.930315,261117361.2,274.945019
281.925762,220097288.7,275.041014
281.92876,180795386.6,275.195196
281.938807,145830392.3,275.396047
281.955113,124998225.6,275.631238
281.975967,106771842.5,275.893652
282.000881,91421567.1,276.176361
282.029215,74446261.18,276.474017
282.060691,65457285.53,276.782088
282.094046,57387569.45,277.095353
282.130135,49894247.5,277.40906
282.169413,43212926.19,277.718827
282.211217,18452166.13,278.018437
282.256591,-1953136.362,278.304203
282.304517,-19340114.14,278.573029
282.354094,-39505979.81,278.82236
282.404949,-25603961.97,279.049167
282.45335,-14581005.84,279.251193
282.498957,-924123.7246,279.425392
282.540943,11889151.51,279.569539
282.578824,27431716.35,279.679369
282.61182,40164680.23,279.754063
282.639706,54701102.72,279.791779
282.661898,68432163.93,279.791395
282.678144,96772792.87,279.752453
282.686909,122465464.9,279.67407
282.688418,144311335,279.555679
282.683255,164136132.4,279.397092
282.672188,158956560.3,279.198758
282.658551,156144515.3,278.961697
282.64372,151887562.3,278.690007
282.62925,143856963.3,278.440553
282.615559,126231622.3,278.236873
282.603522,103788950.2,278.068931
282.593574,80378531.03,277.930188
282.585796,59711431.98,277.815838
282.579932,115530743,277.70489
282.568983,172530978.9,277.59819
282.552858,225754965.3,277.496009
282.531918,271600807.2,277.398634
282.506853,301618943.1,277.291027
282.479121,329019954.4,277.177392
282.448969,354176972.2,277.060167
282.417649,377157774.8,276.940953
282.390723,341639152.9,276.846402
282.371163,308693693,276.77063
282.356235,275341277.8,276.710833
282.344621,238789681.4,276.665772
282.335842,253949951.8,276.617777
282.324672,272661595.4,276.568654
282.311538,287620482,276.519963
282.297273,303049058.9,276.472127
282.282039,320924578.7,276.421692
282.265736,336206762.5,276.370114
282.248718,351219078.9,276.317834
282.231027,368372467.8,276.264676
282.21247,365432087,276.21457
282.19493,359974144.5,276.16724
282.178739,357086708.5,276.121727
282.163713,354512843.4,276.077826
282.135713,620433790.1,275.89234
282.098666,620857601.8,275.742785
282.067306,614076938.4,275.615145
282.039885,610944111.3,275.502256
282.014807,609183303.9,275.400677
281.991329,569764707,275.319552
281.97252,530671050.6,275.255754
281.957335,487059405.4,275.208405
281.945569,441462353.4,275.176691
281.937037,385830022.4,275.156452
281.932365,328314725.8,275.147481
281.931292,269153562.7,275.149543
281.933614,208334899,275.162439
281.939173,199463163.4,275.166581
281.942946,191816928.6,275.165597
281.945636,187850430.4,275.16091
281.947331,179872230.2,275.154159
281.948717,153840132.2,275.149132
281.951573,124426991,275.145951
281.955948,98881567.34,275.143927
281.961295,73884177.89,275.143048
281.967523,84407185.18,275.139304
281.97136,94407555.84,275.133662
281.973533,101359844.3,275.127121
281.974684,111096563.1,275.119466
281.974724,117872578.6,275.110491
281.974103,124336512.7,275.100508
281.972916,130622418.9,275.089726
281.971237,136758997.2,275.078294
281.969124,180552143,275.051825
281.963174,222745043.3,275.014953
281.954316,261669676.6,274.970527
281.943268,299289703.7,274.920529
281.931098,261311131.3,274.945014
281.926547,220291770.6,275.041009
281.929547,180990458.8,275.195191
281.939596,146025968.7,275.396042
281.955903,125199135.4,275.631233
281.976757,106977672.5,275.893647
282.001672,91632537.17,276.176356
282.030005,74662243.16,276.474012
282.06148,65673238.66,276.782084
282.094834,57603379.23,277.095349
282.130904,50109929.78,277.409055
282.170163,43423437.19,277.718822
282.211947,18666919.79,278.018433
282.257303,-1734442.104,278.304199
282.305209,-19118368.18,278.573024
282.354766,-39281386.64,278.822356
282.405602,-25385549.52,279.049163
282.453983,-14368844.59,279.251189
282.499571,-718032.1812,279.425387
282.54154,12089356.22,279.569535
282.579403,27630011.24,279.679365
282.612382,40360738.91,279.754059
282.640251,54895050.12,279.791775
282.662427,68623849.82,279.791391
282.678656,96955369.39,279.752449
282.687406,122639198.9,279.674066
282.6889,144476936.4,279.555675
282.683723,164293800.7,279.397089
282.672643,159112623,279.198754
282.658993,156298817.3,278.961693
282.64415,152040221.1,278.690003
282.629667,144007882.3,278.440549
282.615963,126378099.9,278.236869
282.603914,103931058.8,278.068928
282.593955,80516431.81,277.930185
282.586166,59845284.01,277.815835
282.580291,115651551,277.704886
282.569333,172639416.7,277.598186
282.5532,225851719.5,277.496005
282.532253,271686804.2,277.398631
282.507181,301703090,277.291024
282.479442,329102497.9,277.177389
282.449285,354257956,277.060164
282.418077,377237237.3,276.94095
282.391212,341749317.2,276.846399
282.371683,308822480.3,276.770626
282.356769,275481292.5,276.71083
282.345159,238936628.3,276.665769
282.336379,254091298.7,276.617774
282.325206,272795985.9,276.568651
282.312068,287747756.4,276.51996
282.2978,303168844.2,276.472124
282.282563,321043497.5,276.421689
282.266255,336324817.8,276.370111
282.249233,351336169.5,276.317831
282.231537,368488541.5,276.264673
282.212976,365547120.5,276.214567
282.195432,360088130.2,276.167237
282.179256,357199651.3,276.121725
282.164247,354629142.7,276.077823
282.136278,620557093.8,275.892337
282.099239,620991299.9,275.742782
282.067883,614219295.4,275.615142
282.040464,611094642.8,275.502253
282.015386,609341416.7,275.400674
281.991906,569922697.9,275.319549
281.973095,530828511.1,275.255751
281.957907,487216207,275.208402
281.946139,441618392.8,275.176689
281.937607,385988748.6,275.15645
281.932937,328477042.8,275.147479
281.931867,269320062.2,275.149541
281.934191,208505831.9,275.162436
281.939754,199638540.1,275.166579
281.943528,191996621.3,275.165595
281.946218,188033946.5,275.160908
281.947913,180059604.4,275.154156
281.949299,154027515,275.149129
281.952155,124614341.1,275.145948
281.956532,99069036.34,275.143925
281.961879,74071885.21,275.143046
281.968108,84591593.89,275.139301
281.971946,94588945.18,275.13366
281.974121,101537988.6,275.127119
281.975273,111271462.9,275.119464
281.975314,118047850.6,275.110489
281.974694,124512169.3,275.100506
281.973508,130798390.7,275.089723
281.97183,136935243.1,275.078292
281.969718,180721296.9,275.051823
281.963769,222907059.5,275.014951
281.954913,261824959,274.970525
281.943867,299438033.1,274.920527
281.931699,261459944.2,274.945012
281.92715,220441128,275.041007
281.930151,181140267.5,275.195189
281.940202,146176162.7,275.39604
281.95651,125353423.4,275.631231
281.977365,107135737.4,275.893645
282.002279,91794547.86,276.176354
282.030612,74828101.23,276.47401
282.062086,65839073.25,276.782082
282.095439,57769102.5,277.095347
282.131494,50275554,277.409054
282.170738,43585090.2,277.718821
282.212508,18831830.64,278.018431
282.257849,-1566505.369,278.304197
282.305741,-18948088.16,278.573023
282.355282,-39108920.37,278.822354
282.406103,-25217829.6,279.049161
282.454469,-14205925.15,279.251187
282.500043,-559773.8232,279.425386
282.541998,12243093.93,279.569533
282.579848,27782282.26,279.679363
282.612814,40511292.63,279.754057
282.64067,55043982.46,279.791773
282.662833,68771045.43,279.791389
282.67905,97095569.8,279.752447
282.687787,122772609.1,279.674064
282.68927,144604101.3,279.555674
282.684083,164414873.8,279.397087
282.672992,159232463.1,279.198753
282.659333,156417305.2,278.961692
282.644479,152157447.1,278.690001
282.629987,144123772.3,278.440548
282.616274,126490579.3,278.236868
282.604216,104040183.2,278.068926
282.594247,80622324.99,277.930183
282.58645,59948068.11,277.815833
282.580567,115744318.6,277.704885
282.569601,172722685.3,277.598185
282.553462,225926016.4,277.496004
282.532509,271752840.5,277.39863
282.507433,301767705.6,277.291022
282.47969,329165882.3,277.177388
282.449528,354320142.7,277.060163
282.418406,377298255.7,276.940949
282.391588,341833910.7,276.846398
282.372082,308921373.9,276.770625
282.357178,275588807.4,276.710829
282.345572,239049466.1,276.665767
282.336791,254199836.3,276.617772
282.325617,272899181.8,276.56865
282.312476,287845487.8,276.519958
282.298205,303260824.9,276.472123
282.282965,321134812.8,276.421688
282.266654,336415470.1,276.370109
282.249628,351426081,276.31783
282.231929,368577672,276.264672
282.213365,365635452.3,276.214566
282.195817,360175657.4,276.167236
282.179652,357286377.7,276.121723
282.164658,354718446.1,276.077822
282.136711,620651775.1,275.892336
282.099679,621093962.5,275.742781
282.068326,614328606.8,275.615141
282.040908,611210230.9,275.502252
282.015831,609462826.2,275.400673
281.992349,570044013.7,275.319548
281.973537,530949419.5,275.25575
281.958347,487336609.4,275.208401
281.946578,441738209.7,275.176687
281.938048,386111280.4,275.156449
281.933381,328602806.5,275.147478
281.932313,269449256.3,275.14954
281.93464,208638473.1,275.162435
281.940203,199774537.4,275.166577
281.943978,192135828,275.165594
281.946669,188175963.2,275.160907
281.948363,180204456.7,275.154155
281.949749,154172236.4,275.149129
281.952605,124758916.9,275.145947
281.956981,99213601.34,275.143924
281.962329,74216547.56,275.143045
281.968558,84733642.45,275.1393
281.972397,94728608.21,275.133659
281.974573,101675102.9,275.127118
281.975726,111406037.6,275.119463
281.975768,118182675,275.110488
281.975148,124647257.3,275.100505
281.973963,130933693.2,275.089723
281.972286,137070732.1,275.078291
281.970174,180851313.7,275.051822
281.964226,223031573,275.01495
281.955371,261944283.3,274.970524
281.944327,299552002.6,274.920526
281.932161,261574274.6,274.945011
281.927614,220555867.4,275.041007
281.930616,181255345.2,275.195188
281.940667,146291528.8,275.396039
281.956976,125471927.2,275.631231
281.977831,107257135.6,275.893644
282.002745,91918970.37,276.176353
282.031078,74955472.75,276.47401
282.062551,65966421.47,276.782081
282.095904,57896360.4,277.095346
282.131947,50402731.37,277.409053
282.17118,43709217.97,277.71882
282.212939,18958459.84,278.01843
282.258268,-1437552.845,278.304196
282.306149,-18817336.47,278.573022
282.355679,-38976490.1,278.822353
282.406487,-25089044.04,279.04916
282.454842,-14080825.85,279.251186
282.500406,-438253.751,279.425385
282.54235,12361142.63,279.569532
282.58019,27899204.59,279.679363
282.613145,40626896.17,279.754056
282.640991,55158340.85,279.791772
282.663144,68884070.11,279.791388
282.679352,97203223.04,279.752447
282.68808,122875048.2,279.674064
282.689554,144701745,279.555673
282.684358,164507839.7,279.397086
282.67326,159324482.1,279.198752
282.659593,156508285.8,278.961691
282.644732,152247458.7,278.690001
282.630232,144212757.9,278.440547
282.616512,126576945.9,278.236867
282.604447,104123973.6,278.068926
282.594472,80703634.16,277.930183
282.586668,60026989.89,277.815833
282.580778,115815549.2,277.704884
282.569808,172786622.1,277.598184
282.553663,225983064.2,277.496003
282.532706,271803545.6,277.398629
282.507626,301817319.7,277.291022
282.47988,329214551,277.177387
282.449714,354367891.7,277.060162
282.418658,377345107.5,276.940948
282.391876,341898860.1,276.846397
282.372389,308997300.8,276.770624
282.357493,275671352.5,276.710828
282.345888,239136097.5,276.665767
282.337107,254283166,276.617772
282.325932,272978410.2,276.568649
282.312789,287920520.8,276.519958
282.298516,303331442.7,276.472122
282.283273,321204919.7,276.421688
282.26696,336485067.8,276.370109
282.249932,351495110,276.317829
282.23223,368646101.3,276.264672
282.213663,365703268.4,276.214566
282.196113,360242855.6,276.167235
282.179957,357352961,276.121723
282.164973,354787006.7,276.077822
282.137044,620724461.8,275.892335
282.100017,621172775.1,275.74278
282.068666,614412522.7,275.61514
282.04125,611298964.7,275.502252
282.016172,609556028.5,275.400673
281.992689,570137143.6,275.319548
281.973875,531042236.3,275.25575
281.958684,487429037.5,275.208401
281.946916,441830188.3,275.176687
281.938387,386205410.9,275.156448
281.933722,328699467,275.147477
281.932656,269548572.1,275.149539
281.934984,208740438.6,275.162435
281.940548,199879072.2,275.166577
281.944324,192242814.5,275.165594
281.947014,188285092.8,275.160907
281.948709,180315749.1,275.154155
281.950094,154283413.1,275.149128
281.95295,124869968.5,275.145947
281.957326,99324633.3,275.143923
281.962674,74327644.45,275.143045
281.968904,84842723.71,275.1393
281.972744,94835850.53,275.133659
281.97492,101780382.2,275.127118
281.976074,111509361.8,275.119463
281.976116,118286186.2,275.110488
281.975497,124750967,275.100504
281.974313,131037564.1,275.089722
281.972635,137174742.9,275.078291
281.970525,180951121,275.051821
281.964577,223127153.4,275.014949
281.955723,262035878.1,274.970524
281.94468,299639485.4,274.920526
281.932516,261662032.9,274.945011
281.927969,220643938.1,275.041006
281.930972,181343674.2,275.195188
281.941024,146380078,275.396039
281.957334,125562883.7,275.63123
281.978189,107350312.5,275.893644
282.003103,92014467.53,276.176353
282.031436,75053232.4,276.474009
282.062908,66064162.33,276.782081
282.09626,57994031.11,277.095346
282.132295,50500339.52,277.409052
282.171519,43804485.5,277.718819
282.213269,19055647.16,278.01843
282.25859,-1338582.447,278.304196
282.306462,-18716985.27,278.573022
282.355983,-38874850.66,278.822353
282.406783,-24990201.96,279.04916
282.455129,-13984813.01,279.251186
282.500684,-344987.9927,279.425385
282.54262,12451744.07,279.569532
282.580452,27988941.52,279.679362
282.6134,40715620.88,279.754056
282.641238,55246109.87,279.791772
282.663383,68970815.47,279.791388
282.679583,97285845.82,279.752446
282.688304,122953669.2,279.674063
282.689772,144776685.4,279.555673
282.68457,164579190,279.397086
282.673466,159395105.7,279.198752
282.659793,156578112.3,278.961691
282.644926,152316541.5,278.690001
282.630421,144281053.2,278.440547
282.616695,126643231.1,278.236867
282.604625,104188281.5,278.068925
282.594644,80766037.79,277.930183
282.586835,60087561.2,277.815832
282.580941,115870217.7,277.704884
282.569966,172835692.6,277.598184
282.553818,226026847.5,277.496003
282.532858,271842460.9,277.398629
282.507774,301855397.7,277.291021
282.480025,329251903.4,277.177387
282.449857,354404538.2,277.060162
282.418851,377381065.5,276.940948
282.392098,341948707,276.846397
282.372624,309055572.5,276.770624
282.357734,275734703.4,276.710828
282.346132,239202584.4,276.665767
282.33735,254347118.8,276.617772
282.326173,273039215.4,276.568649
282.313029,287978106.1,276.519958
282.298754,303385639.5,276.472122
282.28351,321258724.3,276.421687
282.267195,336538481.8,276.370109
282.250165,351548087.4,276.317829
282.232461,368698618.5,276.264671
282.213892,365755314.9,276.214566
282.19634,360294427.9,276.167235
282.180191,357404061.5,276.121723
282.165214,354839624.3,276.077822
282.1373,620780245.5,275.892335
282.100276,621233260,275.74278
282.068927,614476924.1,275.61514
282.041511,611367063.6,275.502252
282.016434,609627556.5,275.400672
281.99295,570208616,275.319547
281.974136,531113468.4,275.25575
281.958943,487499971.3,275.208401
281.947175,441900777,275.176687
281.938648,386277651,275.156448
281.933984,328773648.5,275.147477
281.932919,269624791.3,275.149539
281.935248,208818691.1,275.162435
281.940814,199959296.4,275.166577
281.94459,192324920.1,275.165593
281.94728,188368843,275.160906
281.948974,180401158.8,275.154155
281.950359,154368734,275.149128
281.953214,124955193.3,275.145947
281.957591,99409842.86,275.143923
281.96294,74412903.7,275.143044
281.96917,84926435.95,275.1393
281.973009,94918151.36,275.133659
281.975186,101861176.3,275.127118
281.97634,111588655.4,275.119463
281.976383,118365623.3,275.110487
281.975765,124830556.3,275.100504
281.974581,131117276.9,275.089722
281.972904,137254563,275.078291
281.970793,181027715.1,275.051821
281.964847,223200503.6,275.014949
281.955993,262106169.7,274.970524
281.944951,299706621.1,274.920525
281.932788,261729380,274.945011
281.928242,220711524.9,275.041006
281.931246,181411459.2,275.195188
281.941298,146448031.9,275.396038
281.957608,125632684.8,275.63123
281.978463,107421817.6,275.893644
282.003378,92087753.16,276.176353
282.03171,75128254.22,276.474009
282.063182,66139169.69,276.78208
282.096534,58068984.58,277.095346
282.132562,50575244.91,277.409052
282.171779,43877594.65,277.718819
282.213523,19130229.55,278.01843
282.258837,-1262631.722,278.304196
282.306702,-18639974.93,278.573022
282.356216,-38796851.74,278.822353
282.407009,-24914349.78,279.04916
282.455349,-13911132.03,279.251186
282.500897,-273415.1756,279.425385
282.542827,12521272.26,279.569532
282.580653,28057806.24,279.679362
282.613595,40783708.8,279.754056
282.641427,55313464.37,279.791772
282.663567,69037384.39,279.791388
282.679761,97349251.02,279.752446
282.688477,123014003.4,279.674063
282.689939,144834195.1,279.555673
282.684733,164633944.6,279.397086
282.673624,159449302.5,279.198752
282.659947,156631697.5,278.961691
282.645075,152369555.9,278.69
282.630566,144333463.2,278.440547
282.616836,126694098.7,278.236867
282.604761,104237631.7,278.068925
282.594776,80813926.58,277.930182
282.586964,60134043.84,277.815832
282.581066,115912170.4,277.704884
282.570087,172873349.4,277.598184
282.553936,226060447,277.496003
282.532974,271872324.6,277.398629
282.507888,301884618.9,277.291021
282.480137,329280567.7,277.177387
282.449967,354432660.8,277.060162
282.419,377408659.7,276.940948
282.392268,341986959.7,276.846397
282.372804,309100290.4,276.770624
282.357919,275783319.1,276.710828
282.346318,239253606.7,276.665766
282.337536,254396196.5,276.617772
282.326359,273085877.5,276.568649
282.313213,288022297.4,276.519957
282.298937,303427230.4,276.472122
282.283692,321300014.3,276.421687
282.267375,336579471.8,276.370109
282.250344,351588742.5,276.317829
282.232639,368738920.4,276.264671
282.214068,365795255.6,276.214565
282.196514,360334004.7,276.167235
282.18037,357443276.1,276.121723
282.1654,354880003.2,276.077822
282.137496,620823054.2,275.892335
282.100475,621279676.4,275.74278
282.069128,614526346,275.61514
282.041712,611419322.8,275.502251
282.016635,609682447.4,275.400672
281.993151,570263464.2,275.319547
281.974335,531168132.2,275.25575
281.959141,487554406.1,275.208401
281.947374,441954947,275.176687
281.938847,386333088.2,275.156448
281.934185,328830575.7,275.147477
281.933121,269683282.1,275.149539
281.935451,208878742.3,275.162435
281.941017,200020860.6,275.166577
281.944793,192387928.2,275.165593
281.947484,188433113,275.160906
281.949178,180466702.4,275.154155
281.950562,154434209.5,275.149128
281.953418,125020595,275.145947
281.957795,99475232.83,275.143923
281.963143,74478331.79,275.143044
281.969373,84990676.85,275.1393
281.973214,94981309.14,275.133658
281.975391,101923177.9,275.127118
281.976545,111649505.5,275.119463
281.976589,118426583.5,275.110487
281.97597,124891633.2,275.100504
281.974787,131178448.6,275.089722
281.97311,137315817.1,275.078291
281.971,181086493.4,275.051821
281.965053,223256792.6,275.014949
281.956201,262160111.5,274.970524
281.945159,299758141.1,274.920525
281.932996,261781062.2,274.945011
281.928452,220763391,275.041006
281.931456,181463477.5,275.195188
281.941508,146500179.7,275.396038
281.957819,125686250.2,275.63123
281.978674,107476690.6,275.893644
282.003589,92143992.55,276.176353
282.031921,75185825.96,276.474009
282.063392,66196730.32,276.78208
282.096744,58126503.85,277.095346
282.132767,50632727.29,277.409052
282.171979,43933698.58,277.718819
282.213718,19187464.02,278.01843
282.259027,-1204347.2,278.304196
282.306886,-18580877.28,278.573021
282.356395,-38736995.46,278.822353
282.407183,-24856140.92,279.04916
282.455518,-13854589.37,279.251186
282.501061,-218490.3238,279.425384
282.542986,12574628.05,279.569532
282.580807,28110652.87,279.679362
282.613745,40835959.31,279.754056
282.641572,55365152.04,279.791772
282.663708,69088469.19,279.791388
282.679898,97397907.99,279.752446
282.688609,123060303.7,279.674063
282.690068,144878327.9,279.555673
282.684858,164675963.1,279.397086
282.673745,159490892.9,279.198752
282.660064,156672818.5,278.96169
282.64519,152410239,278.69
282.630677,144373682.5,278.440547
282.616943,126733134.3,278.236867
282.604865,104275502.8,278.068925
282.594878,80850676.24,277.930182
282.587062,60169714.43,277.815832
282.581161,115944364.7,277.704884
282.57018,172902247.1,277.598184
282.554027,226086231,277.496003
282.533063,271895241.9,277.398629
282.507976,301907043.1,277.291021
282.480223,329302564.6,277.177387
282.450051,354454241.9,277.060162
282.419114,377429835.4,276.940948
282.392398,342016314.7,276.846397
282.372943,309134606.9,276.770624
282.358061,275820626.7,276.710828
282.346461,239292761.1,276.665766
282.337679,254433858.6,276.617772
282.326501,273121686,276.568649
282.313355,288056209.6,276.519957
282.299078,303459147.1,276.472122
282.283831,321331700.1,276.421687
282.267513,336610927.5,276.370109
282.250481,351619941,276.317829
282.232775,368769847.9,276.264671
282.214203,365825905.9,276.214565
282.196647,360364375.9,276.167235
282.180508,357473369.4,276.121723
282.165542,354910990,276.077822
282.137646,620855905.5,275.892335
282.100627,621315296.2,275.74278
282.069282,614564272.3,275.61514
282.041867,611459426.5,275.502251
282.016789,609724570.5,275.400672
281.993305,570305554.5,275.319547
281.974488,531210081.1,275.25575
281.959294,487596179.2,275.2084
281.947527,441996516.9,275.176687
281.939001,386375630.7,275.156448
281.934339,328874261.4,275.147477
281.933276,269728167.9,275.149539
281.935607,208924825.5,275.162435
281.941173,200068104.9,275.166577
281.94495,192436280.4,275.165593
281.94764,188482433.7,275.160906
281.949334,180517000.5,275.154155
281.950718,154484455.2,275.149128
281.953574,125070784.1,275.145947
281.957951,99525412.96,275.143923
281.963299,74528541.16,275.143044
281.96953,85039975.18,275.1393
281.97337,95029776.28,275.133658
281.975548,101970757.8,275.127118
281.976702,111696201.7,275.119462
281.976746,118473364.2,275.110487
281.976128,124938503.5,275.100504
281.974945,131225391.6,275.089722
281.973268,137362823.3,275.078291
281.971158,181131599.8,275.051821
281.965212,223299988.6,275.014949
281.95636,262201506.3,274.970524
281.945319,299797677.5,274.920525
281.933157,261820723,274.945011
281.928612,220803193,275.041006
281.931617,181503396.1,275.195188
281.94167,146540197.8,275.396038
281.95798,125727356.2,275.63123
281.978836,107518800,275.893644
282.00375,92187150.54,276.176353
282.032082,75230006.39,276.474009
282.063554,66240902.23,276.78208
282.096905,58170644.01,277.095346
282.132924,50676839.13,277.409052
282.172132,43976752.6,277.718819
282.213867,19231385.62,278.01843
282.259172,-1159619.811,278.304196
282.307028,-18535525.9,278.573021
282.356533,-38691061.93,278.822353
282.407317,-24811471.62,279.04916
282.455647,-13811198.71,279.251186
282.501187,-176341.1768,279.425384
282.543108,12615573.09,279.569532
282.580926,28151207.19,279.679362
282.61386,40876056.15,279.754056
282.641684,55404816.96,279.791772
282.663816,69127671.47,279.791388
282.680002,97435247.15,279.752446
282.688711,123095834.3,279.674063
282.690166,144912195.2,279.555673
282.684953,164708207.8,279.397086
282.673838,159522809.3,279.198752
282.660155,156704374.7,278.96169
282.645278,152441459,278.69
282.630762,144404546.6,278.440547
282.617026,126763090,278.236867
282.604946,104304565,278.068925
282.594956,80878877.73,277.930182
282.587138,60197087.84,277.815832
282.581235,115969070.5,277.704884
282.570252,172924423.1,277.598184
282.554097,226106017.6,277.496003
282.533131,271912828.4,277.398629
282.508043,301924251.3,277.291021
282.480289,329319444.8,277.177387
282.450116,354470803.2,277.060162
282.419201,377446085.5,276.940948
282.392498,342038841.6,276.846397
282.373049,309160941.2,276.770624
282.35817,275849256.4,276.710828
282.346571,239322808.1,276.665766
282.337789,254462760.4,276.617772
282.32661,273149165.2,276.568649
282.313463,288082233.7,276.519957
282.299185,303483639.9,276.472122
282.283938,321356015.6,276.421687
282.267619,336635066.5,276.370109
282.250586,351643882.7,276.317829
282.232879,368793581.6,276.264671
282.214306,365849426.9,276.214565
282.19675,360387682.6,276.167235
282.180613,357496462.8,276.121723
282.165652,354934769,276.077822
282.137762,620881115.4,275.892335
282.100744,621342630.8,275.74278
282.0694,614593376.7,275.61514
282.041985,611490201.9,275.502251
282.016907,609756895.6,275.400672
281.993423,570337854.6,275.319547
281.974606,531242272.5,275.255749
281.959411,487628235.8,275.2084
281.947644,442028417.5,275.176687
281.939118,386408277.6,275.156448
281.934457,328907785.7,275.147477
281.933395,269762613.1,275.149539
281.935726,208960189.5,275.162435
281.941293,200104360,275.166577
281.94507,192473385.7,275.165593
281.94776,188520282.3,275.160906
281.949454,180555599,275.154155
281.950838,154523013.6,275.149128
281.953693,125109299.1,275.145947
281.95807,99563921.02,275.143923
281.963419,74567071.67,275.143044
281.96965,85077806.56,275.1393
281.97349,95066969.81,275.133658
281.975668,102007270.4,275.127118
281.976823,111732036.2,275.119462
281.976867,118509263.5,275.110487
281.976249,124974471.6,275.100504
281.975066,131261415.6,275.089722
281.973389,137398895.7,275.078291
281.971279,181166214.3,275.051821
281.965334,223333137.1,275.014949
281.956482,262233272.6,274.970524
281.945441,299828017.6,274.920525
281.93328,261851158.6,274.945011
281.928736,220833736.9,275.041006
281.93174,181534029.6,275.195188
281.941794,146570907.6,275.396038
281.958104,125758900.8,275.63123
281.97896,107551114.7,275.893644
282.003875,92220269.84,276.176353
282.032206,75263910.31,276.474009
282.063678,66274799.6,276.78208
282.097029,58204517.02,277.095346
282.133045,50710690.42,277.409052
282.17225,44009792.11,277.718819
282.213982,19265090.9,278.01843
282.259284,-1125296.169,278.304196
282.307137,-18500723.42,278.573021
282.356638,-38655812.71,278.822353
282.407419,-24777192.57,279.04916
282.455747,-13777900.89,279.251186
282.501283,-143996.0914,279.425384
282.543202,12646994.15,279.569532
282.581017,28182328.4,279.679362
282.613948,40906826.29,279.754056
282.641769,55435255.65,279.791772
282.663899,69157755.12,279.791388
282.680083,97463901.04,279.752446
282.688789,123123100.4,279.674063
282.690242,144938184.7,279.555673
282.685027,164732952.3,279.397086
282.67391,159547301.7,279.198752
282.660224,156728590.7,278.96169
282.645345,152465417,278.69
282.630827,144428231.6,278.440547
282.617089,126786077.8,278.236867
282.605007,104326867.1,278.068925
282.595016,80900519.41,277.930182
282.587196,60218094.05,277.815832
282.581291,115988029.6,277.704884
282.570307,172941440.8,277.598184
282.554151,226121201.6,277.496003
282.533183,271926324.3,277.398629
282.508094,301937456.7,277.291021
282.480339,329332398.7,277.177387
282.450166,354483512.2,277.060162
282.419269,377458555.7,276.940948
282.392575,342056128.6,276.846397
282.373131,309181150,276.770624
282.358254,275871226.7,276.710828
282.346656,239345866,276.665766
282.337873,254484939.5,276.617772
282.326694,273170252.7,276.568649
282.313546,288102204.6,276.519957
282.299268,303502435.6,276.472122
282.28402,321374675.3,276.421687
282.267701,336653590.6,276.370109
282.250667,351662255.5,276.317829
282.232959,368811794.8,276.264671
282.214386,365867476.8,276.214565
282.196829,360405568,276.167235
282.180694,357514184.6,276.121723
282.165736,354953017,276.077821
282.13785,620900461.4,275.892335
282.100834,621363607.2,275.74278
282.06949,614615711.4,275.61514
282.042076,611513818.8,275.502251
282.016998,609781701.8,275.400672
281.993513,570362641.5,275.319547
281.974696,531266976,275.255749
281.959501,487652835.9,275.2084
281.947733,442052897.9,275.176687
281.939209,386433330.7,275.156448
281.934548,328933512.2,275.147477
281.933487,269789046.1,275.149539
281.935818,208987327.8,275.162435
281.941385,200132182,275.166577
281.945162,192501860.2,275.165593
281.947852,188549327.1,275.160906
281.949546,180585219.4,275.154155
281.95093,154552603.1,275.149128
281.953785,125138855.3,275.145947
281.958162,99593471.96,275.143923
281.963511,74596639.84,275.143044
281.969742,85106838.21,275.1393
281.973583,95095511.97,275.133658
281.97576,102035290,275.127117
281.976915,111759535.4,275.119462
281.97696,118536812.5,275.110487
281.976342,125002073.4,275.100504
281.975159,131289060.2,275.089722
281.973482,137426577.5,275.078291
281.971373,181192777.4,275.051821
281.965427,223358575.1,275.014949
281.956575,262257649.9,274.970524
281.945535,299851300.4,274.920525
281.933374,261874514.7,274.945011
281.92883,220857176.2,275.041006
281.931835,181557537.6,275.195188
281.941889,146594474.2,275.396038
281.9582,125783108,275.63123
281.979055,107575912.8,275.893644
282.00397,92245685.46,276.176353
282.032302,75289928.05,276.474009
282.063773,66300812.32,276.78208
282.097124,58230511.05,277.095346
282.133137,50736667.77,277.409052
282.17234,44035146.5,277.718819
282.21407,19290956.2,278.01843
282.25937,-1098956.346,278.304196
282.30722,-18474016.14,278.573021
282.356719,-38628762.6,278.822353
282.407498,-24750886.97,279.04916
282.455823,-13752348.29,279.251186
282.501357,-119174.6187,279.425384
282.543274,12671106.53,279.569532
282.581086,28206210.67,279.679362
282.614015,40930439.16,279.754056
282.641835,55458614.14,279.791772
282.663962,69180841.16,279.791388
282.680144,97485889.9,279.752446
282.688849,123144024.2,279.674063
282.6903,144958129,279.555673
282.685083,164751941.1,279.397086
282.673964,159566097.1,279.198752
282.660277,156747173.9,278.96169
282.645397,152483802.3,278.69
282.630877,144446407.3,278.440547
282.617138,126803718.5,278.236867
282.605055,104343981.6,278.068925
282.595061,80917127.11,277.930182
282.587241,60234214.1,277.815832
282.581334,116002578.6,277.704884
282.570349,172954500,277.598184
282.554192,226132853.8,277.496003
282.533224,271936680.9,277.398629
282.508134,301947590.5,277.291021
282.480378,329342339.3,277.177387
282.450204,354493265,277.060162
282.41932,377468125.3,276.940948
282.392634,342069394.6,276.846397
282.373193,309196658.1,276.770624
282.358318,275888086.6,276.710828
282.34672,239363560.5,276.665766
282.337938,254501959.6,276.617772
282.326758,273186435.2,276.568649
282.31361,288117530.1,276.519957
282.299332,303516859.3,276.472122
282.284083,321388994.6,276.421687
282.267763,336667805.9,276.370109
282.250729,351676354.6,276.317829
282.233021,368825771.5,276.264671
282.214446,365881328.2,276.214565
282.196889,360419293.2,276.167235
282.180756,357527784.2,276.121723
282.1658,354967020.4,276.077821
282.137918,620915307.5,275.892335
282.100903,621379704.4,275.74278
282.06956,614632850.9,275.61514
282.042146,611531942.4,275.502251
282.017068,609800738,275.400672
281.993583,570381662.8,275.319547
281.974765,531285933.4,275.255749
281.95957,487671713.9,275.2084
281.947802,442071684.1,275.176687
281.939278,386452556.4,275.156448
281.934618,328953254.5,275.147477
281.933557,269809330.8,275.149539
281.935888,209008153.5,275.162435
281.941455,200153532.5,275.166577
281.945232,192523711.4,275.165593
281.947923,188571616,275.160906
281.949616,180607949.9,275.154155
281.951,154575310,275.149128
281.953856,125161536.6,275.145947
281.958233,99616149.22,275.143923
281.963582,74619330.32,275.143044
281.969813,85129116.98,275.1393
281.973653,95117415.11,275.133658
281.975831,102056792.2,275.127117
281.976986,111780638.2,275.119462
281.977031,118557953.5,275.110487
281.976413,125023254.9,275.100504
281.97523,131310274.5,275.089722
281.973554,137447820.4,275.078291
281.971444,181213161.7,275.051821
281.965499,223378096.2,275.014949
281.956647,262276356.9,274.970524
281.945607,299869167.6,274.920525
281.933446,261892438.1,274.945011
281.928903,220875163.4,275.041006
281.931908,181575577.5,275.195188
281.941962,146612559,275.396038
281.958273,125801684.5,275.63123
281.979128,107594942.8,275.893644
282.004043,92265189.3,276.176353
282.032375,75309893.94,276.474009
282.063846,66320774.37,276.78208
282.097197,58250458.75,277.095346
282.133208,50756602.68,277.409052
282.172409,44054603.35,277.718819
282.214137,19310805.11,278.01843
282.259435,-1078743.285,278.304196
282.307284,-18453521.09,278.573021
282.356782,-38608004.48,278.822353
282.407558,-24730700.18,279.04916
282.455881,-13732739.34,279.251186
282.501414,-100126.7412,279.425384
282.543329,12689610.25,279.569532
282.58114,28224537.81,279.679362
282.614067,40948559.55,279.754056
282.641885,55476539.34,279.791772
282.664011,69198557.28,279.791388
282.680192,97502764.04,279.752446
282.688894,123160081,279.674063
282.690344,144973434.2,279.555673
282.685126,164766513,279.397086
282.674006,159580520.5,279.198752
282.660318,156761434.6,278.96169
282.645436,152497911.1,278.69
282.630916,144460355.2,278.440547
282.617176,126817256,278.236867
282.605091,104357115.2,278.068925
282.595097,80929871.76,277.930182
282.587275,60246584.53,277.815832
282.581368,116013743.5,277.704884
282.570381,172964521.6,277.598184
282.554223,226141795.6,277.496003
282.533255,271944628.5,277.398629
282.508164,301955367.1,277.291021
282.480408,329349967.8,277.177387
282.450233,354500749.3,277.060162
282.41936,377475469,276.940948
282.392679,342079574.9,276.846397
282.373241,309208559,276.770624
282.358367,275901024.8,276.710828
282.34677,239377139.2,276.665766
282.337988,254515020.8,276.617772
282.326808,273198853.5,276.568649
282.313659,288129290.8,276.519957
282.29938,303527927.9,276.472122
282.284132,321399983.2,276.421687
282.267811,336678714.7,276.370109
282.250777,351687174.3,276.317829
282.233068,368836497.1,276.264671
282.214493,365891957.7,276.214565
282.196935,360429825.9,276.167235
282.180804,357538220.5,276.121723
282.165849,354977766.6,276.077821
282.13797,620926700.2,275.892335
282.100956,621392057.3,275.74278
282.069613,614646003.7,275.61514
282.042199,611545850.3,275.502251
282.017121,609815346.3,275.400672
281.993636,570396259.7,275.319547
281.974818,531300481.3,275.255749
281.959622,487686200.7,275.2084
281.947855,442086100.5,275.176687
281.939331,386467310,275.156448
281.934671,328968404.7,275.147477
281.93361,269824897.1,275.149539
281.935942,209024135.1,275.162435
281.941509,200169916.8,275.166577
281.945287,192540480,275.165593
281.947977,188588720.4,275.160906
281.94967,180625393.3,275.154155
281.951054,154592735.2,275.149128
281.95391,125178942.2,275.145947
281.958287,99633551.64,275.143923
281.963636,74636742.88,275.143044
281.969867,85146213.59,275.1393
281.973708,95134223.46,275.133658
281.975886,102073292.8,275.127117
281.977041,111796832.4,275.119462
281.977085,118574177,275.110487
281.976468,125039509.5,275.100504
281.975285,131326554.3,275.089722
281.973609,137464122.2,275.078291
281.971499,181228804.6,275.051821
281.965554,223393076.5,275.014949
281.956703,262290712.6,274.970524
281.945663,299882878.7,274.920525
281.933502,261906192.4,274.945011
281.928959,220888966.7,275.041006
281.931964,181589421.3,275.195188
281.942018,146626437.3,275.396038
281.958329,125815940,275.63123
281.979185,107609546.3,275.893644
282.004099,92280156.45,276.176353
282.032431,75325215.68,276.474009
282.063902,66336093.15,276.78208
282.097253,58265766.52,277.095346
282.133263,50771900.63,277.409052
282.172462,44069534.44,277.718819
282.214189,19326037.08,278.01843
282.259486,-1063231.882,278.304196
282.307333,-18437793.3,278.573021
282.356829,-38592074.8,278.822353
282.407604,-24715208.94,279.04916
282.455926,-13717691.54,279.251186
282.501458,-85509.4979,279.425384
282.543371,12703809.91,279.569532
282.581181,28238601.96,279.679362
282.614107,40962465.04,279.754056
282.641924,55490295.03,279.791772
282.664049,69212152.52,279.791388
282.680228,97515713.16,279.752446
282.68893,123172402.9,279.674063
282.690379,144985179.2,279.555673
282.685159,164777695.4,279.397086
282.674039,159591589,279.198752
282.66035,156772378.1,278.96169
282.645467,152508738.1,278.69
282.630945,144471058.7,278.440547
282.617204,126827644.5,278.236867
282.605119,104367193.8,278.068925
282.595124,80939651.93,277.930182
282.587301,60256077.53,277.815832
282.581393,116022311.4,277.704884
282.570406,172972212.2,277.598184
282.554247,226148657.5,277.496003
282.533278,271950727.5,277.398629
282.508187,301961334.9,277.291021
282.480431,329355821.8,277.177387
282.450255,354506492.7,277.060162
282.41939,377481104.4,276.940948
282.392714,342087387.1,276.846397
282.373278,309217691.7,276.770624
282.358405,275910953.6,276.710828
282.346808,239387559.5,276.665766
282.338026,254525043.9,276.617772
282.326845,273208383.2,276.568649
282.313697,288138315.9,276.519957
282.299418,303536422,276.472122
282.284169,321408415.8,276.421687
282.267848,336687086.1,276.370109
282.250813,351695477.2,276.317829
282.233104,368844727.9,276.264671
282.214529,365900114.8,276.214565
282.196971,360437908.6,276.167235
282.180841,357546229.2,276.121723
282.165887,354986013.1,276.077821
282.13801,620935443,275.892335
282.100997,621401536.9,275.74278
282.069654,614656097.1,275.61514
282.04224,611556523.1,275.502251
282.017162,609826556.6,275.400672
281.993677,570407461.3,275.319547
281.974859,531311645.2,275.255749
281.959663,487697317.9,275.2084
281.947896,442097163.6,275.176687
281.939372,386478631.9,275.156448
281.934712,328980030.8,275.147477
281.933652,269836842.6,275.149539
281.935984,209036399.3,275.162435
281.941551,200182490,275.166577
281.945328,192553348,275.165593
281.948019,188601846.2,275.160906
281.949712,180638779.2,275.154155
281.951096,154606107.2,275.149128
281.953951,125192299.1,275.145947
281.958329,99646906.17,275.143923
281.963677,74650105.2,275.143044
281.969908,85159333.45,275.1393
281.973749,95147122.11,275.133658
281.975927,102085955.4,275.127117
281.977083,111809259.8,275.119462
281.977127,118586626.8,275.110487
281.97651,125051983.2,275.100504
281.975327,131339047.4,275.089722
281.973651,137476632,275.078291
281.971541,181240808.8,275.051821
281.965596,223404572.4,275.014949
281.956745,262301729.1,274.970524
281.945705,299893400.6,274.920525
281.933545,261916747.4,274.945011
281.929001,220899559.2,275.041006
281.932007,181600044.9,275.195188
281.942061,146637087.4,275.396038
281.958372,125826879.6,275.63123
281.979228,107620752.9,275.893644
282.004142,92291642.17,276.176353
282.032474,75336973.5,276.474009
282.063945,66347848.7,276.78208
282.097296,58277513.62,277.095346
282.133304,50783640.2,277.409052
282.172503,44080992.49,277.718819
282.214229,19337726,278.01843
282.259525,-1051328.51,278.304196
282.307371,-18425723.87,278.573021
282.356866,-38579850.44,278.822353
282.40764,-24703321.04,279.04916
282.455961,-13706143.93,279.251186
282.501491,-74292.30359,279.425384
282.543404,12714706.65,279.569532
282.581213,28249394.71,279.679362
282.614138,40973136.04,279.754056
282.641954,55500851.08,279.791772
282.664078,69222585.44,279.791388
282.680256,97525650.24,279.752446
282.688957,123181858.7,279.674063
282.690405,144994192.3,279.555673
282.685185,164786276.7,279.397086
282.674063,159600082.9,279.198752
282.660374,156780776.2,278.96169
282.64549,152517046.7,278.69
282.630968,144479272.6,278.440547
282.617226,126835616.6,278.236867
282.60514,104374928.1,278.068925
282.595144,80947157.18,277.930182
282.587321,60263362.4,277.815832
282.581413,116028886.3,277.704884
282.570425,172978113.8,277.598184
282.554266,226153923.3,277.496003
282.533296,271955407.8,277.398629
282.508205,301965914.5,277.291021
282.480448,329360314.1,277.177387
282.450273,354510900.1,277.060162
282.419413,377485429,276.940948
282.39274,342093382.2,276.846397
282.373307,309224700,276.770624
282.358434,275918572.8,276.710828
282.346838,239395555.9,276.665766
282.338055,254532735.5,276.617772
282.326875,273215696.3,276.568649
282.313726,288145241.7,276.519957
282.299446,303542940.3,276.472122
282.284197,321414886.9,276.421687
282.267877,336693510.2,276.370109
282.250841,351701848.8,276.317829
282.233132,368851044.1,276.264671
282.214557,365906374.4,276.214565
282.196998,360444111.2,276.167235
282.180869,357552375.1,276.121723
282.165916,354992341.4,276.077821
282.138041,620942152.1,275.892335
282.101028,621408811.4,275.74278
282.069685,614663842.7,275.61514
282.042272,611564713.4,275.502251
282.017194,609835159.3,275.400672
281.993708,570416057.3,275.319547
281.97489,531320212.3,275.255749
281.959694,487705849.1,275.2084
281.947927,442105653.3,275.176687
281.939403,386487320.3,275.156448
281.934744,328988952.7,275.147477
281.933683,269846009.6,275.149539
281.936015,209045810.8,275.162435
281.941583,200192138.6,275.166577
281.94536,192563222.9,275.165593
281.948051,188611918.9,275.160906
281.949744,180649051.4,275.154155
281.951127,154616368.8,275.149128
281.953983,125202549.1,275.145947
281.95836,99657154.37,275.143923
281.963709,74660359.36,275.143044
281.96994,85169401.55,275.1393
281.973781,95157020.47,275.133658
281.975959,102095672.5,275.127117
281.977115,111818796.5,275.119462
281.977159,118596180.7,275.110487
281.976542,125061555.4,275.100504
281.975359,131348634.5,275.089722
281.973683,137486232,275.078291
281.971573,181250020.8,275.051821
281.965628,223413394.2,275.014949
281.956777,262310183,274.970524
281.945738,299901475,274.920525
281.933577,261924847.3,274.945011
281.929034,220907687.9,275.041006
281.93204,181608197.4,275.195188
281.942094,146645260.2,275.396038
281.958405,125835274.6,275.63123
281.979261,107629352.9,275.893644
282.004175,92300456.25,276.176353
282.032507,75345996.39,276.474009
282.063978,66356869.85,276.78208
282.097329,58286528.29,277.095346
282.133337,50792649.08,277.409052
282.172534,44089785.33,277.718819
282.214259,19346696.03,278.01843
282.259554,-1042193.927,278.304196
282.3074,-18416461.85,278.573021
282.356894,-38570469.54,278.822353
282.407667,-24694198.34,279.04916
282.455987,-13697282.37,279.251186
282.501517,-65684.29046,279.425384
282.543428,12723068.75,279.569532
282.581237,28257677.01,279.679362
282.614161,40981324.9,279.754056
282.641977,55508951.73,279.791772
282.6641,69230591.61,279.791388
282.680277,97533275.9,279.752446
282.688977,123189115,279.674063
282.690425,145001108.9,279.555673
282.685204,164792862,279.397086
282.674082,159606601.1,279.198752
282.660392,156787220.8,278.96169
282.645508,152523422.6,278.69
282.630985,144485575.9,278.440547
282.617243,126841734.3,278.236867
282.605156,104380863.3,278.068925
282.59516,80952916.67,277.930182
282.587337,60268952.77,277.815832
282.581428,116033931.9,277.704884
282.57044,172982642.7,277.598184
282.55428,226157964.2,277.496003
282.53331,271958999.4,277.398629
282.508219,301969428.8,277.291021
282.480462,329363761.5,277.177387
282.450286,354514282.3,277.060162
282.419431,377488747.7,276.940948
282.392761,342097982.8,276.846397
282.373328,309230078.2,276.770624
282.358457,275924419.8,276.710828
282.34686,239401692.3,276.665766
282.338077,254538638,276.617772
282.326897,273221308.3,276.568649
282.313748,288150556.6,276.519957
282.299468,303547942.4,276.472122
282.284219,321419852.8,276.421687
282.267898,336698440,276.370109
282.250863,351706738.3,276.317829
282.233153,368855891.2,276.264671
282.214578,365911178.1,276.214565
282.197019,360448871.1,276.167235
282.180891,357557091.4,276.121723
282.165939,354997197.8,276.077821
282.138065,620947300.7,275.892335
282.101052,621414393.9,275.74278
282.069709,614669786.6,275.61514
282.042296,611570998.6,275.502251
282.017218,609841761,275.400672
281.993732,570422653.9,275.319547
281.974914,531326786.7,275.255749
281.959718,487712396,275.2084
281.947951,442112168.3,275.176687
281.939427,386493987.7,275.156448
281.934768,328995799.3,275.147477
281.933708,269853044.2,275.149539
281.93604,209053033.1,275.162435
281.941607,200199542.9,275.166577
281.945385,192570800.8,275.165593
281.948075,188619648.6,275.160906
281.949768,180656934.3,275.154155
281.951152,154624243.5,275.149128
281.954008,125210414.9,275.145947
281.958385,99665018.77,275.143923
281.963734,74668228.36,275.143044
281.969965,85177127.76,275.1393
281.973806,95164616.41,275.133658
281.975984,102103129.4,275.127117
281.977139,111826114.9,275.119462
281.977184,118603512.4,275.110487
281.976567,125068901.1,275.100504
281.975384,131355991.6,275.089722
281.973708,137493599,275.078291
281.971598,181257090.1,275.051821
281.965653,223420164,275.014949
281.956802,262316670.6,274.970524
281.945763,299907671.3,274.920525
281.933602,261931063.1,274.945011
281.929059,220913925.8,275.041006
281.932065,181614453.6,275.195188
281.942119,146651532,275.396038
281.95843,125841716.9,275.63123
281.979286,107635952.4,275.893644
282.0042,92307220.13,276.176353
282.032532,75352920.51,276.474009
282.064003,66363792.63,276.78208
282.097354,58293446.1,277.095346
282.133361,50799562.45,277.409052
282.172558,44096532.91,277.718819
282.214283,19353579.57,278.01843
282.259577,-1035184.098,278.304196
282.307422,-18409354.23,278.573021
282.356915,-38563270.69,278.822353
282.407688,-24687197.62,279.04916
282.456007,-13690482.05,279.251186
282.501536,-59078.54967,279.425384
282.543448,12729485.77,279.569532
282.581255,28264032.79,279.679362
282.614179,40987608.99,279.754056
282.641994,55515168.12,279.791772
282.664117,69236735.49,279.791388
282.680294,97539127.79,279.752446
282.688993,123194683.5,279.674063
282.69044,145006416.7,279.555673
282.685219,164797915.4,279.397086
282.674097,159611603.1,279.198752
282.660406,156792166.3,278.96169
282.645522,152528315.5,278.69
282.630999,144490412.9,278.440547
282.617256,126846429,278.236867
282.605169,104385418,278.068925
282.595172,80957336.46,277.930182
282.587348,60273242.78,277.815832
282.581439,116037803.8,277.704884
282.570451,172986118.2,277.598184
282.554291,226161065.2,277.496003
282.533321,271961755.6,277.398629
282.508229,301972125.7,277.291021
282.480472,329366407,277.177387
282.450296,354516877.8,277.060162
282.419445,377491294.5,276.940948
282.392777,342101513.3,276.846397
282.373345,309234205.4,276.770624
282.358474,275928906.7,276.710828
282.346877,239406401.3,276.665766
282.338095,254543167.6,276.617772
282.326914,273225615,276.568649
282.313765,288154635.1,276.519957
282.299485,303551780.9,276.472122
282.284236,321423663.6,276.421687
282.267915,336702223.1,276.370109
282.250879,351710490.5,276.317829
282.233169,368859610.8,276.264671
282.214594,365914864.3,276.214565
282.197035,360452523.8,276.167235
282.180907,357560710.7,276.121723
282.165956,355000924.5,276.077821
282.138083,620951251.7,275.892335
282.10107,621418677.8,275.74278
282.069728,614674347.9,275.61514
282.042314,611575821.8,275.502251
282.017236,609846827.1,275.400672
281.993751,570427716.1,275.319547
281.974933,531331831.8,275.255749
281.959736,487717420,275.2084
281.947969,442117167.9,275.176687
281.939446,386499104.2,275.156448
281.934787,329001053.3,275.147477
281.933726,269858442.6,275.149539
281.936059,209058575.5,275.162435
281.941626,200205224.9,275.166577
281.945403,192576616.1,275.165593
281.948094,188625580.3,275.160906
281.949787,180662983.6,275.154155
281.951171,154630286.5,275.149128
281.954026,125216451.1,275.145947
281.958404,99671053.88,275.143923
281.963753,74674266.98,275.143044
281.969984,85183056.81,275.1393
281.973825,95170445.5,275.133658
281.976003,102108851.8,275.127117
281.977158,111831731,275.119462
281.977203,118609138.6,275.110487
281.976586,125074538.1,275.100504
281.975403,131361637.3,275.089722
281.973727,137499252.4,275.078291
281.971617,181262515,275.051821
281.965672,223425359.2,275.014949
281.956821,262321649.1,274.970524
281.945782,299912426.3,274.920525
281.933622,261935833,274.945011
281.929079,220918712.7,275.041006
281.932084,181619254.6,275.195188
281.942138,146656344.9,275.396038
281.958449,125846660.7,275.63123
281.979305,107641016.9,275.893644
282.00422,92312410.69,276.176353
282.032551,75358234.04,276.474009
282.064022,66369105.14,276.78208
282.097373,58298754.78,277.095346
282.13338,50804867.73,277.409052
282.172577,44101710.96,277.718819
282.214301,19358861.96,278.01843
282.259595,-1029804.795,278.304196
282.307439,-18403899.89,278.573021
282.356932,-38557746.33,278.822353
282.407704,-24681825.31,279.04916
282.456023,-13685263.52,279.251186
282.501552,-54009.34207,279.425384
282.543462,12734410.16,279.569532
282.58127,28268910.19,279.679362
282.614193,40992431.37,279.754056
282.642007,55519938.55,279.791772
282.66413,69241450.27,279.791388
282.680306,97543618.49,279.752446
282.689006,123198956.6,279.674063
282.690452,145010489.8,279.555673
282.685231,164801793.4,279.397086
282.674108,159615441.6,279.198752
282.660417,156795961.5,278.96169
282.645532,152532070.2,278.69
282.631009,144494124.9,278.440547
282.617266,126850031.7,278.236867
282.605179,104388913.2,278.068925
282.595182,80960728.18,277.930182
282.587358,60276534.91,277.815832
282.581448,116040775.1,277.704884
282.57046,172988785.2,277.598184
282.5543,226163444.9,277.496003
282.533329,271963870.7,277.398629
282.508237,301974195.3,277.291021
282.48048,329368437.1,277.177387
282.450304,354518869.6,277.060162
282.419455,377493248.8,276.940948
282.392789,342104222.5,276.846397
282.373358,309237372.6,276.770624
282.358487,275932350,276.710828
282.34689,239410015,276.665766
282.338108,254546643.6,276.617772
282.326927,273228919.8,276.568649
282.313778,288157765,276.519957
282.299498,303554726.6,276.472122
282.284249,321426588,276.421687
282.267928,336705126.3,276.370109
282.250892,351713370,276.317829
282.233182,368862465.2,276.264671
282.214606,365917693.1,276.214565
282.197047,360455326.8,276.167235
282.18092,357563488.1,276.121723
282.165969,355003784.4,276.077821
